-- --------------------------------------------------------
-- Host:                         localhost
-- Versión del servidor:         11.4.8-MariaDB-ubu2404 - mariadb.org binary distribution
-- SO del servidor:              debian-linux-gnu
-- HeidiSQL Versión:             12.8.0.6908
-- --------------------------------------------------------

/*!40101 SET @OLD_CHARACTER_SET_CLIENT=@@CHARACTER_SET_CLIENT */;
/*!40101 SET NAMES utf8 */;
/*!50503 SET NAMES utf8mb4 */;
/*!40103 SET @OLD_TIME_ZONE=@@TIME_ZONE */;
/*!40103 SET TIME_ZONE='+00:00' */;
/*!40014 SET @OLD_FOREIGN_KEY_CHECKS=@@FOREIGN_KEY_CHECKS, FOREIGN_KEY_CHECKS=0 */;
/*!40101 SET @OLD_SQL_MODE=@@SQL_MODE, SQL_MODE='NO_AUTO_VALUE_ON_ZERO' */;
/*!40111 SET @OLD_SQL_NOTES=@@SQL_NOTES, SQL_NOTES=0 */;


-- Volcando estructura de base de datos para nebula
CREATE DATABASE IF NOT EXISTS `nebula` /*!40100 DEFAULT CHARACTER SET utf8mb3 COLLATE utf8mb3_general_ci */;
USE `nebula`;

-- Volcando estructura para tabla nebula.acciones
CREATE TABLE IF NOT EXISTS `acciones` (
  `id_accion` int(11) NOT NULL AUTO_INCREMENT,
  `nombre` varchar(50) NOT NULL,
  `descripcion` varchar(255) DEFAULT NULL,
  `codigo` varchar(20) NOT NULL,
  `activo` tinyint(1) DEFAULT 1,
  `fecha_creacion` timestamp NULL DEFAULT current_timestamp(),
  `creado_por` int(11) DEFAULT NULL,
  PRIMARY KEY (`id_accion`)
) ENGINE=InnoDB AUTO_INCREMENT=15 DEFAULT CHARSET=utf8mb4 COLLATE=utf8mb4_uca1400_ai_ci;

-- Volcando datos para la tabla nebula.acciones: ~14 rows (aproximadamente)
INSERT INTO `acciones` (`id_accion`, `nombre`, `descripcion`, `codigo`, `activo`, `fecha_creacion`, `creado_por`) VALUES
	(1, 'Crear', 'Permiso para crear nuevos registros', 'CREATE', 1, '2025-09-02 21:04:09', NULL),
	(2, 'Leer', 'Permiso para ver o consultar registros', 'READ', 1, '2025-09-02 21:04:09', NULL),
	(3, 'Actualizar', 'Permiso para modificar registros existentes', 'UPDATE', 1, '2025-09-02 21:04:09', NULL),
	(4, 'Eliminar', 'Permiso para eliminar registros', 'DELETE', 1, '2025-09-02 21:04:09', NULL),
	(5, 'Exportar', 'Permiso para exportar datos', 'EXPORT', 1, '2025-09-02 21:04:09', NULL),
	(6, 'Importar', 'Permiso para importar datos', 'IMPORT', 1, '2025-09-02 21:04:09', NULL),
	(7, 'Aprobar', 'Permiso para aprobar registros o solicitudes', 'APPROVE', 1, '2025-09-02 21:04:09', NULL),
	(8, 'Rechazar', 'Permiso para rechazar registros o solicitudes', 'REJECT', 1, '2025-09-02 21:04:09', NULL),
	(9, 'Cancelar', 'Permiso para cancelar registros (ej. citas, pagos)', 'CANCEL', 1, '2025-09-02 21:04:09', NULL),
	(10, 'Confirmar', 'Permiso para confirmar acciones (ej. citas, pagos)', 'CONFIRM', 1, '2025-09-02 21:04:09', NULL),
	(11, 'Asignar', 'Permiso para asignar recursos (ej. doctor → paciente)', 'ASSIGN', 1, '2025-09-02 21:04:09', NULL),
	(12, 'Ver Reportes', 'Permiso para acceder a reportes e indicadores', 'VIEW_REPORT', 1, '2025-09-02 21:04:09', NULL),
	(13, 'Gestionar Roles', 'Permiso para administrar roles y permisos', 'MANAGE_ROLE', 1, '2025-09-02 21:04:09', NULL),
	(14, 'Gestionar Usuarios', 'Permiso para administrar usuarios del sistema', 'MANAGE_USER', 1, '2025-09-02 21:04:09', NULL);

-- Volcando estructura para tabla nebula.consultorios
CREATE TABLE IF NOT EXISTS `consultorios` (
  `id` bigint(20) NOT NULL AUTO_INCREMENT,
  `nombre` varchar(255) NOT NULL,
  `ruc` varchar(20) DEFAULT NULL,
  `direccion` text DEFAULT NULL,
  `telefono` varchar(20) DEFAULT NULL,
  `email` varchar(100) DEFAULT NULL,
  `configuracion` longtext CHARACTER SET utf8mb4 COLLATE utf8mb4_bin DEFAULT NULL,
  `estado` enum('activo','inactivo','configurando') DEFAULT 'configurando',
  `created_at` timestamp NOT NULL DEFAULT current_timestamp(),
  `updated_at` timestamp NOT NULL DEFAULT current_timestamp() ON UPDATE current_timestamp(),
  `es_principal` tinyint(1) DEFAULT 0,
  PRIMARY KEY (`id`)
) ENGINE=InnoDB AUTO_INCREMENT=5 DEFAULT CHARSET=utf8mb3 COLLATE=utf8mb3_general_ci;

-- Volcando datos para la tabla nebula.consultorios: ~2 rows (aproximadamente)
INSERT INTO `consultorios` (`id`, `nombre`, `ruc`, `direccion`, `telefono`, `email`, `configuracion`, `estado`, `created_at`, `updated_at`, `es_principal`) VALUES
	(3, 'Prueba', 'd', 'fsdfs', NULL, NULL, NULL, 'activo', '2025-09-03 17:51:35', '2025-09-03 20:58:34', 1),
	(4, 'Prueba 2', 'd', 'dsdsa', NULL, NULL, NULL, 'activo', '2025-09-03 20:29:09', '2025-09-03 21:37:44', 0);

-- Volcando estructura para tabla nebula.modulos
CREATE TABLE IF NOT EXISTS `modulos` (
  `id_modulo` int(11) NOT NULL AUTO_INCREMENT,
  `nombre` varchar(50) NOT NULL,
  `descripcion` varchar(255) DEFAULT NULL,
  `ruta` varchar(100) DEFAULT NULL,
  `activo` tinyint(1) DEFAULT NULL,
  `orden` int(11) NOT NULL,
  `icono` varchar(50) DEFAULT NULL,
  `modulo_padre_id` int(11) DEFAULT NULL,
  `fecha_creacion` timestamp NULL DEFAULT NULL,
  `creado_por` varchar(50) DEFAULT NULL,
  PRIMARY KEY (`id_modulo`),
  KEY `fk_modulo_padre` (`modulo_padre_id`),
  CONSTRAINT `fk_modulo_padre` FOREIGN KEY (`modulo_padre_id`) REFERENCES `modulos` (`id_modulo`)
) ENGINE=InnoDB AUTO_INCREMENT=9 DEFAULT CHARSET=utf8mb4 COLLATE=utf8mb4_uca1400_ai_ci;

-- Volcando datos para la tabla nebula.modulos: ~8 rows (aproximadamente)
INSERT INTO `modulos` (`id_modulo`, `nombre`, `descripcion`, `ruta`, `activo`, `orden`, `icono`, `modulo_padre_id`, `fecha_creacion`, `creado_por`) VALUES
	(2, 'Citas', 'Gestión de citas médicas', '/citas', 1, 1, 'Calendar', NULL, '2025-09-02 21:27:41', 'system'),
	(3, 'Agenda', 'Agenda diaria y semanal de citas', '/agenda', 1, 2, 'CalendarClock', NULL, '2025-09-02 21:27:41', 'system'),
	(4, 'Pacientes', 'Gestión de pacientes', '/pacientes', 1, 3, 'Users', NULL, '2025-09-02 21:27:41', 'system'),
	(5, 'Historia Clínica', 'Registros clínicos de los pacientes', '/historia-clinica', 1, 4, 'FileText', NULL, '2025-09-02 21:27:41', 'system'),
	(6, 'Pagos', 'Registro y control de pagos de pacientes', '/pagos', 1, 5, 'CreditCard', NULL, '2025-09-02 21:27:41', 'system'),
	(7, 'Reportes', 'Reportes estadísticos y exportaciones', '/reportes', 1, 6, 'BarChart2', NULL, '2025-09-02 21:27:41', 'system'),
	(8, 'Configuración', 'Configuraciones generales del sistema', '/configuracion', 1, 7, 'Settings', NULL, '2025-09-02 21:27:41', 'system');

-- Volcando estructura para tabla nebula.permisos
CREATE TABLE IF NOT EXISTS `permisos` (
  `id_permiso` int(11) NOT NULL AUTO_INCREMENT,
  `id_modulo` int(11) NOT NULL,
  `id_accion` int(11) NOT NULL,
  `descripcion` varchar(255) DEFAULT NULL,
  `activo` tinyint(1) DEFAULT 1,
  `fecha_creacion` datetime DEFAULT current_timestamp(),
  `creado_por` varchar(50) DEFAULT NULL,
  PRIMARY KEY (`id_permiso`)
) ENGINE=InnoDB AUTO_INCREMENT=29 DEFAULT CHARSET=utf8mb4 COLLATE=utf8mb4_uca1400_ai_ci;

-- Volcando datos para la tabla nebula.permisos: ~28 rows (aproximadamente)
INSERT INTO `permisos` (`id_permiso`, `id_modulo`, `id_accion`, `descripcion`, `activo`, `fecha_creacion`, `creado_por`) VALUES
	(1, 2, 1, 'Crear Cita', 1, '2025-09-02 21:34:00', NULL),
	(2, 2, 2, 'Ver Citas', 1, '2025-09-02 21:34:00', NULL),
	(3, 2, 3, 'Editar Cita', 1, '2025-09-02 21:34:00', NULL),
	(4, 2, 4, 'Eliminar Cita', 1, '2025-09-02 21:34:00', NULL),
	(5, 2, 10, 'Confirmar Cita', 1, '2025-09-02 21:34:00', NULL),
	(6, 2, 9, 'Cancelar Cita', 1, '2025-09-02 21:34:00', NULL),
	(7, 3, 1, 'Crear Agenda', 1, '2025-09-02 21:34:00', NULL),
	(8, 3, 2, 'Ver Agenda', 1, '2025-09-02 21:34:00', NULL),
	(9, 3, 3, 'Editar Agenda', 1, '2025-09-02 21:34:00', NULL),
	(10, 3, 4, 'Eliminar Agenda', 1, '2025-09-02 21:34:00', NULL),
	(11, 4, 1, 'Registrar Paciente', 1, '2025-09-02 21:34:00', NULL),
	(12, 4, 2, 'Ver Pacientes', 1, '2025-09-02 21:34:00', NULL),
	(13, 4, 3, 'Editar Paciente', 1, '2025-09-02 21:34:00', NULL),
	(14, 4, 4, 'Eliminar Paciente', 1, '2025-09-02 21:34:00', NULL),
	(15, 5, 1, 'Registrar Historia Clínica', 1, '2025-09-02 21:34:00', NULL),
	(16, 5, 2, 'Ver Historia Clínica', 1, '2025-09-02 21:34:00', NULL),
	(17, 5, 3, 'Editar Historia Clínica', 1, '2025-09-02 21:34:00', NULL),
	(18, 6, 1, 'Registrar Pago', 1, '2025-09-02 21:34:00', NULL),
	(19, 6, 2, 'Ver Pagos', 1, '2025-09-02 21:34:00', NULL),
	(20, 6, 3, 'Editar Pago', 1, '2025-09-02 21:34:00', NULL),
	(21, 6, 9, 'Cancelar Pago', 1, '2025-09-02 21:34:00', NULL),
	(22, 6, 10, 'Confirmar Pago', 1, '2025-09-02 21:34:00', NULL),
	(23, 7, 12, 'Ver Reportes', 1, '2025-09-02 21:34:00', NULL),
	(24, 7, 5, 'Exportar Reportes', 1, '2025-09-02 21:34:00', NULL),
	(25, 8, 1, 'Registrar Configuración', 1, '2025-09-02 21:34:00', NULL),
	(26, 8, 2, 'Ver Configuración', 1, '2025-09-02 21:34:00', NULL),
	(27, 8, 3, 'Editar Configuración', 1, '2025-09-02 21:34:00', NULL),
	(28, 8, 4, 'Eliminar Configuración', 1, '2025-09-02 21:34:00', NULL);

-- Volcando estructura para tabla nebula.roles
CREATE TABLE IF NOT EXISTS `roles` (
  `id_rol` int(11) NOT NULL AUTO_INCREMENT,
  `nombre` varchar(50) NOT NULL,
  `descripcion` varchar(255) DEFAULT NULL,
  `activo` tinyint(1) DEFAULT NULL,
  `fecha_creacion` timestamp NULL DEFAULT current_timestamp(),
  `creado_por` int(11) DEFAULT NULL,
  `modificado_por` int(11) DEFAULT NULL,
  `fecha_modificacion` datetime DEFAULT NULL,
  PRIMARY KEY (`id_rol`)
) ENGINE=InnoDB AUTO_INCREMENT=6 DEFAULT CHARSET=utf8mb4 COLLATE=utf8mb4_uca1400_ai_ci;

-- Volcando datos para la tabla nebula.roles: ~5 rows (aproximadamente)
INSERT INTO `roles` (`id_rol`, `nombre`, `descripcion`, `activo`, `fecha_creacion`, `creado_por`, `modificado_por`, `fecha_modificacion`) VALUES
	(1, 'Super Admin', 'Acceso total al sistema, gestiona consultorios, usuarios, roles y permisos.', 1, '2025-09-02 21:25:03', NULL, NULL, NULL),
	(2, 'Administrador', 'Administra el negocio (usuarios, citas, reportes), excepto roles/permisos globales.', 1, '2025-09-02 21:25:03', NULL, NULL, NULL),
	(3, 'Médico', 'Gestiona citas de sus pacientes, puede confirmar, rechazar o aprobar.', 1, '2025-09-02 21:25:03', NULL, NULL, NULL),
	(4, 'Recepcionista', 'Registra y gestiona citas, pacientes, puede cancelar y confirmar pagos.', 1, '2025-09-02 21:25:03', NULL, NULL, NULL);

-- Volcando estructura para tabla nebula.roles_permisos
CREATE TABLE IF NOT EXISTS `roles_permisos` (
  `id_rol_permiso` int(11) NOT NULL AUTO_INCREMENT,
  `id_rol` int(11) NOT NULL,
  `id_permiso` int(11) NOT NULL,
  `fecha_asignacion` timestamp NULL DEFAULT current_timestamp(),
  `asignado_por` int(11) DEFAULT NULL,
  PRIMARY KEY (`id_rol_permiso`)
) ENGINE=InnoDB AUTO_INCREMENT=29 DEFAULT CHARSET=utf8mb4 COLLATE=utf8mb4_uca1400_ai_ci;

-- Volcando datos para la tabla nebula.roles_permisos: ~27 rows (aproximadamente)
INSERT INTO `roles_permisos` (`id_rol_permiso`, `id_rol`, `id_permiso`, `fecha_asignacion`, `asignado_por`) VALUES
	(1, 3, 1, '2025-09-03 17:53:06', NULL),
	(2, 3, 2, '2025-09-03 17:53:14', NULL),
	(3, 3, 3, '2025-09-03 17:53:19', NULL),
	(4, 3, 4, '2025-09-03 17:53:24', NULL),
	(5, 3, 5, '2025-09-03 17:53:28', NULL),
	(6, 3, 6, '2025-09-03 17:53:30', NULL),
	(7, 4, 1, '2025-09-03 21:28:50', NULL),
	(8, 4, 2, '2025-09-03 21:28:53', NULL),
	(9, 4, 3, '2025-09-03 21:28:53', NULL),
	(10, 4, 4, '2025-09-03 21:28:50', NULL),
	(11, 4, 5, '2025-09-03 21:28:53', NULL),
	(12, 4, 6, '2025-09-03 21:28:53', NULL),
	(13, 4, 7, '2025-09-03 21:28:53', NULL),
	(14, 4, 8, '2025-09-03 21:28:53', NULL),
	(15, 4, 9, '2025-09-03 21:28:53', NULL),
	(16, 4, 10, '2025-09-03 21:28:53', NULL),
	(17, 4, 11, '2025-09-03 21:28:53', NULL),
	(18, 4, 12, '2025-09-03 21:28:53', NULL),
	(19, 4, 13, '2025-09-03 21:28:53', NULL),
	(20, 4, 14, '2025-09-03 21:28:53', NULL),
	(21, 4, 15, '2025-09-03 21:28:53', NULL),
	(22, 4, 16, '2025-09-03 21:28:53', NULL),
	(23, 4, 17, '2025-09-03 21:28:53', NULL),
	(24, 4, 18, '2025-09-03 21:28:53', NULL),
	(25, 4, 19, '2025-09-03 21:28:53', NULL),
	(26, 4, 20, '2025-09-03 21:28:53', NULL),
	(27, 4, 21, '2025-09-03 21:28:53', NULL),
	(28, 4, 22, '2025-09-03 21:28:53', NULL);

-- Volcando estructura para tabla nebula.users
CREATE TABLE IF NOT EXISTS `users` (
  `id` int(11) NOT NULL AUTO_INCREMENT,
  `username` varchar(50) NOT NULL,
  `email` varchar(100) NOT NULL,
  `password_hash` varchar(255) NOT NULL,
  `first_name` varchar(50) DEFAULT NULL,
  `last_name` varchar(50) DEFAULT NULL,
  `is_active` tinyint(1) DEFAULT 1,
  `rol_global_id` bigint(20) DEFAULT NULL,
  `created_at` timestamp NOT NULL DEFAULT current_timestamp(),
  `updated_at` timestamp NOT NULL DEFAULT current_timestamp() ON UPDATE current_timestamp(),
  `ultimo_consultorio_activo` bigint(20) DEFAULT NULL,
  PRIMARY KEY (`id`),
  UNIQUE KEY `username` (`username`),
  UNIQUE KEY `email` (`email`),
  KEY `idx_username` (`username`),
  KEY `idx_email` (`email`),
  KEY `idx_active` (`is_active`)
) ENGINE=InnoDB AUTO_INCREMENT=3 DEFAULT CHARSET=utf8mb3 COLLATE=utf8mb3_general_ci;

-- Volcando datos para la tabla nebula.users: ~2 rows (aproximadamente)
INSERT INTO `users` (`id`, `username`, `email`, `password_hash`, `first_name`, `last_name`, `is_active`, `rol_global_id`, `created_at`, `updated_at`, `ultimo_consultorio_activo`) VALUES
	(1, '71642131', 'jmartincastroa@gmail.com', '$2b$12$gSXkmGYPN3fZVH8HiJk/.OnMngduotkDnc9Vt9nm.iCQ1vcETNAJS', 'Jose', 'Castro', 1, 1, '2025-08-25 20:27:09', '2025-09-28 05:07:13', 4),
	(2, '17833078', 'user@example.com', '$2b$12$85Icl1RHOrOrOMxzK2O2VefpfL6woB.D/sBujRDCQazzbNVCb2TDy', 'Martin', 'Castro', 1, NULL, '2025-08-31 18:03:08', '2025-09-07 20:33:11', 4);

-- Volcando estructura para tabla nebula.user_sessions
CREATE TABLE IF NOT EXISTS `user_sessions` (
  `id` int(11) NOT NULL AUTO_INCREMENT,
  `user_id` int(11) NOT NULL,
  `session_id` varchar(64) NOT NULL,
  `access_token_jti` varchar(64) NOT NULL,
  `refresh_token_jti` varchar(64) NOT NULL,
  `device_info` longtext CHARACTER SET utf8mb4 COLLATE utf8mb4_bin DEFAULT NULL,
  `ip_address` varchar(45) DEFAULT NULL,
  `user_agent` text DEFAULT NULL,
  `created_at` timestamp NOT NULL DEFAULT current_timestamp(),
  `last_activity` timestamp NOT NULL DEFAULT current_timestamp(),
  `expires_at` timestamp NOT NULL DEFAULT '0000-00-00 00:00:00',
  `status` enum('active','inactive','revoked','expired') DEFAULT 'active',
  `revoked_at` timestamp NULL DEFAULT NULL,
  `revoked_reason` varchar(255) DEFAULT NULL,
  PRIMARY KEY (`id`),
  UNIQUE KEY `session_id` (`session_id`),
  KEY `idx_user_id` (`user_id`),
  KEY `idx_session_id` (`session_id`),
  KEY `idx_status_expires` (`status`,`expires_at`),
  KEY `idx_last_activity` (`last_activity`),
  CONSTRAINT `user_sessions_ibfk_1` FOREIGN KEY (`user_id`) REFERENCES `users` (`id`) ON DELETE CASCADE
) ENGINE=InnoDB AUTO_INCREMENT=86 DEFAULT CHARSET=utf8mb3 COLLATE=utf8mb3_general_ci;

-- Volcando datos para la tabla nebula.user_sessions: ~78 rows (aproximadamente)
INSERT INTO `user_sessions` (`id`, `user_id`, `session_id`, `access_token_jti`, `refresh_token_jti`, `device_info`, `ip_address`, `user_agent`, `created_at`, `last_activity`, `expires_at`, `status`, `revoked_at`, `revoked_reason`) VALUES
	(1, 1, '5c9d03c1ee4aa92527ed04436de09e4e', '2d5ab229d1cd7094e3e76fe0a553134d', 'adce36060204a7a2327d8d4a5db7d00d', '{}', '172.26.0.1', 'Mozilla/5.0 (Windows NT 10.0; Win64; x64) AppleWebKit/537.36 (KHTML, like Gecko) Chrome/139.0.0.0 Safari/537.36', '2025-08-26 00:14:22', '2025-08-26 00:23:38', '2025-08-26 00:45:05', 'expired', '2025-08-26 16:07:58', 'cleanup_job'),
	(2, 1, '50c00c48e5f5f5d7913a42163b2f21a7', 'faf468b747230c7edc3e8ea9331e5028', '271b74a9c00d6614178787ac380fc083', '{}', '172.26.0.1', 'Mozilla/5.0 (Windows NT 10.0; Win64; x64) AppleWebKit/537.36 (KHTML, like Gecko) Chrome/139.0.0.0 Safari/537.36', '2025-08-26 00:41:49', '2025-08-26 00:41:55', '2025-08-26 01:11:55', 'expired', '2025-08-26 16:07:58', 'cleanup_job'),
	(3, 1, '579d34ea8afb8ae495330dc288f6e4b4', '730ca362fcca281ef46afb4dd8ee72d2', 'a0ecd341eebe46b0956da68e0f44c95c', '{}', '172.26.0.1', 'Mozilla/5.0 (Windows NT 10.0; Win64; x64) AppleWebKit/537.36 (KHTML, like Gecko) Chrome/139.0.0.0 Safari/537.36', '2025-08-26 01:05:44', '2025-08-26 01:05:44', '2025-08-26 01:35:44', 'expired', '2025-08-26 16:07:58', 'cleanup_job'),
	(11, 2, '3d5fa83ee5852e6a5c21d24758d2e2c2', '287768f8a979f33627e3f0d77b1847d0', '0c656c367457ed8df8d129d80222327a', '{}', '172.26.0.1', 'Mozilla/5.0 (Windows NT 10.0; Win64; x64; rv:142.0) Gecko/20100101 Firefox/142.0', '2025-08-31 18:07:53', '2025-08-31 18:09:22', '2025-08-31 18:37:53', 'expired', '2025-09-01 02:45:49', 'cleanup_job'),
	(12, 1, '80ca6ab3c9f4169bdb1fae181e097553', '2b62429b25925d0515186eaf14aa80df', 'b0ad1a055a7d9466aa0c4d009fcfd2f3', '{"userAgent": "Mozilla/5.0 (Windows NT 10.0; Win64; x64) AppleWebKit/537.36 (KHTML, like Gecko) Chrome/139.0.0.0 Safari/537.36", "platform": "Windows", "browser": "Chrome", "deviceType": "Desktop", "isMobile": false, "language": "es-ES", "screenResolution": "2560x1440", "timezone": "America/Lima", "timestamp": "2025-08-31T18:08:56.907Z", "cookieEnabled": true, "onlineStatus": true, "deviceMemory": 8, "connectionType": "4g"}', '172.26.0.1', 'Mozilla/5.0 (Windows NT 10.0; Win64; x64) AppleWebKit/537.36 (KHTML, like Gecko) Chrome/139.0.0.0 Safari/537.36', '2025-08-31 18:08:58', '2025-08-31 18:08:58', '2025-08-31 18:38:58', 'revoked', '2025-08-31 18:09:22', 'admin:intruso'),
	(13, 1, 'a32d1ca28f1a738e9159649402913ebe', 'a78fa7cf2f088e81d44d8b2b5d0e0efd', '995d66830900075488d9b439f881748d', '{"userAgent": "Mozilla/5.0 (Windows NT 10.0; Win64; x64) AppleWebKit/537.36 (KHTML, like Gecko) Chrome/139.0.0.0 Safari/537.36", "platform": "Windows", "browser": "Chrome", "deviceType": "Desktop", "isMobile": false, "language": "es-ES", "screenResolution": "2560x1440", "timezone": "America/Lima", "timestamp": "2025-08-31T22:46:29.278Z", "cookieEnabled": true, "onlineStatus": true, "deviceMemory": 8, "connectionType": "4g"}', '172.26.0.1', 'Mozilla/5.0 (Windows NT 10.0; Win64; x64) AppleWebKit/537.36 (KHTML, like Gecko) Chrome/139.0.0.0 Safari/537.36', '2025-08-31 22:46:31', '2025-08-31 22:58:41', '2025-08-31 23:16:31', 'revoked', '2025-08-31 22:58:41', 'user_logout'),
	(14, 1, '6d62b06062a7384c9f9ad297a24efa77', '4cfbc230658d182b0219c7db0788aafc', '4af0d574a784d07051f012ccc5c27023', '{"userAgent": "Mozilla/5.0 (Windows NT 10.0; Win64; x64) AppleWebKit/537.36 (KHTML, like Gecko) Chrome/139.0.0.0 Safari/537.36", "platform": "Windows", "browser": "Chrome", "deviceType": "Desktop", "isMobile": false, "language": "es-ES", "screenResolution": "2560x1440", "timezone": "America/Lima", "timestamp": "2025-08-31T23:15:19.214Z", "cookieEnabled": true, "onlineStatus": true, "deviceMemory": 8, "connectionType": "4g"}', '172.26.0.1', 'Mozilla/5.0 (Windows NT 10.0; Win64; x64) AppleWebKit/537.36 (KHTML, like Gecko) Chrome/139.0.0.0 Safari/537.36', '2025-08-31 23:15:20', '2025-08-31 23:15:55', '2025-08-31 23:45:20', 'revoked', '2025-08-31 23:15:55', 'user_logout'),
	(15, 1, '3f2512a3b734d03eda48b179d1ad8074', '6f0610005114fdb5e1b109666aeb9d9e', '242657ff5c2763adba74c13cdd585785', '{"userAgent": "Mozilla/5.0 (Windows NT 10.0; Win64; x64) AppleWebKit/537.36 (KHTML, like Gecko) Chrome/139.0.0.0 Safari/537.36", "platform": "Windows", "browser": "Chrome", "deviceType": "Desktop", "isMobile": false, "language": "es-ES", "screenResolution": "1536x864", "timezone": "America/Lima", "timestamp": "2025-09-01T21:39:10.476Z", "cookieEnabled": true, "onlineStatus": true, "deviceMemory": 8, "connectionType": "4g"}', '172.26.0.1', 'Mozilla/5.0 (Windows NT 10.0; Win64; x64) AppleWebKit/537.36 (KHTML, like Gecko) Chrome/139.0.0.0 Safari/537.36', '2025-09-01 21:39:14', '2025-09-01 21:39:14', '2025-09-01 22:09:14', 'expired', '2025-09-02 15:44:23', 'cleanup_job'),
	(16, 1, 'fa9919866568adcda701c034a87d97e0', 'd37035958f831cb9e69cfab22dbec753', '66f6d0dcab55672b3eee1dc23bc0829b', '{"userAgent": "Mozilla/5.0 (Windows NT 10.0; Win64; x64) AppleWebKit/537.36 (KHTML, like Gecko) Chrome/139.0.0.0 Safari/537.36", "platform": "Windows", "browser": "Chrome", "deviceType": "Desktop", "isMobile": false, "language": "es-ES", "screenResolution": "1536x864", "timezone": "America/Lima", "timestamp": "2025-09-02T17:10:56.040Z", "cookieEnabled": true, "onlineStatus": true, "deviceMemory": 8, "connectionType": "4g"}', '172.26.0.1', 'Mozilla/5.0 (Windows NT 10.0; Win64; x64) AppleWebKit/537.36 (KHTML, like Gecko) Chrome/139.0.0.0 Safari/537.36', '2025-09-02 17:10:56', '2025-09-02 17:21:24', '2025-09-02 17:40:56', 'revoked', '2025-09-02 17:21:24', 'user_logout'),
	(17, 1, 'bbfbe05e7e68e942010e0c99735dd61f', 'd9f3dff46684a76753ae2b77353bb4d5', '091881454b669fffbd97dbeb8d765140', '{"userAgent": "Mozilla/5.0 (Windows NT 10.0; Win64; x64) AppleWebKit/537.36 (KHTML, like Gecko) Chrome/139.0.0.0 Safari/537.36", "platform": "Windows", "browser": "Chrome", "deviceType": "Desktop", "isMobile": false, "language": "es-ES", "screenResolution": "1536x864", "timezone": "America/Lima", "timestamp": "2025-09-02T17:26:33.746Z", "cookieEnabled": true, "onlineStatus": true, "deviceMemory": 8, "connectionType": "4g"}', '172.26.0.1', 'Mozilla/5.0 (Windows NT 10.0; Win64; x64) AppleWebKit/537.36 (KHTML, like Gecko) Chrome/139.0.0.0 Safari/537.36', '2025-09-02 17:26:34', '2025-09-02 17:26:34', '2025-09-02 17:56:34', 'expired', '2025-09-03 02:00:43', 'cleanup_job'),
	(18, 1, '0a2a8df506b4f807a70ce8e7c6cc4e1c', 'db6f265f184feadf4a93ed2ffa61533b', 'd3d990b59c76073cc2df00db494fc701', '{"userAgent": "Mozilla/5.0 (Windows NT 10.0; Win64; x64) AppleWebKit/537.36 (KHTML, like Gecko) Chrome/139.0.0.0 Safari/537.36", "platform": "Windows", "browser": "Chrome", "deviceType": "Desktop", "isMobile": false, "language": "es-ES", "screenResolution": "1536x864", "timezone": "America/Lima", "timestamp": "2025-09-02T19:42:55.133Z", "cookieEnabled": true, "onlineStatus": true, "deviceMemory": 8, "connectionType": "4g"}', '172.26.0.1', 'Mozilla/5.0 (Windows NT 10.0; Win64; x64) AppleWebKit/537.36 (KHTML, like Gecko) Chrome/139.0.0.0 Safari/537.36', '2025-09-02 19:42:55', '2025-09-02 19:47:34', '2025-09-02 20:12:55', 'expired', '2025-09-03 02:00:43', 'cleanup_job'),
	(19, 1, 'b09ff91b3021354ab7b3ee187a4ecf7b', '99de0fde6c173f79cf1c5a1b1f7f3cdd', 'e6be5ab77fdf2c1d2b53d9b247d74a28', '{}', '172.26.0.1', 'Mozilla/5.0 (Windows NT 10.0; Win64; x64) AppleWebKit/537.36 (KHTML, like Gecko) Chrome/139.0.0.0 Safari/537.36', '2025-09-03 15:42:47', '2025-09-03 15:42:47', '2025-09-03 16:12:47', 'expired', '2025-09-03 23:24:26', 'cleanup_job'),
	(20, 1, 'e96c8e0f86dce4cc89f544c35ba29d43', 'c75b6bd687da185f9a9968007666496a', '3a26321c8afcac0735f0c406f910cd83', '{}', '172.26.0.1', 'Mozilla/5.0 (Windows NT 10.0; Win64; x64) AppleWebKit/537.36 (KHTML, like Gecko) Chrome/139.0.0.0 Safari/537.36', '2025-09-03 16:48:24', '2025-09-03 16:48:24', '2025-09-03 17:18:24', 'expired', '2025-09-03 23:24:26', 'cleanup_job'),
	(21, 1, '4e42bb5260d8a6973bc71c30703a6e4d', 'e1b95b5616dfec2aeeb91bf398b4aa4a', '49d8063268a41e08427cc35a830a2e12', '{"userAgent": "Mozilla/5.0 (Windows NT 10.0; Win64; x64) AppleWebKit/537.36 (KHTML, like Gecko) Chrome/139.0.0.0 Safari/537.36", "platform": "Windows", "browser": "Chrome", "deviceType": "Desktop", "isMobile": false, "language": "es-ES", "screenResolution": "1536x864", "timezone": "America/Lima", "timestamp": "2025-09-03T17:26:53.401Z", "cookieEnabled": true, "onlineStatus": true, "deviceMemory": 8, "connectionType": "4g"}', '172.26.0.1', 'Mozilla/5.0 (Windows NT 10.0; Win64; x64) AppleWebKit/537.36 (KHTML, like Gecko) Chrome/139.0.0.0 Safari/537.36', '2025-09-03 17:26:55', '2025-09-03 17:28:15', '2025-09-03 17:56:55', 'expired', '2025-09-04 00:32:12', 'cleanup_job'),
	(22, 1, '5b43e3e481e2a4e78a04dbd1549111dc', '5082df948f8d8618fe171149dda43c45', '5897be99da4640fc7fd08ed1cfe2dedb', '{"userAgent": "Mozilla/5.0 (Windows NT 10.0; Win64; x64) AppleWebKit/537.36 (KHTML, like Gecko) Chrome/139.0.0.0 Safari/537.36", "platform": "Windows", "browser": "Chrome", "deviceType": "Desktop", "isMobile": false, "language": "es-ES", "screenResolution": "1536x864", "timezone": "America/Lima", "timestamp": "2025-09-03T17:42:39.324Z", "cookieEnabled": true, "onlineStatus": true, "deviceMemory": 8, "connectionType": "4g"}', '172.26.0.1', 'Mozilla/5.0 (Windows NT 10.0; Win64; x64) AppleWebKit/537.36 (KHTML, like Gecko) Chrome/139.0.0.0 Safari/537.36', '2025-09-03 17:42:41', '2025-09-03 17:48:53', '2025-09-03 18:12:41', 'expired', '2025-09-04 00:32:12', 'cleanup_job'),
	(23, 1, 'aaca900a7ee3318aed3509d065c7933c', '39d92ddabb60e9a95f7f9b188add6e64', '0f60277942423c6b6ea56ec41720dbdb', '{"userAgent": "Mozilla/5.0 (Windows NT 10.0; Win64; x64) AppleWebKit/537.36 (KHTML, like Gecko) Chrome/139.0.0.0 Safari/537.36", "platform": "Windows", "browser": "Chrome", "deviceType": "Desktop", "isMobile": false, "language": "es-ES", "screenResolution": "1536x864", "timezone": "America/Lima", "timestamp": "2025-09-03T17:49:01.484Z", "cookieEnabled": true, "onlineStatus": true, "deviceMemory": 8, "connectionType": "4g"}', '172.26.0.1', 'Mozilla/5.0 (Windows NT 10.0; Win64; x64) AppleWebKit/537.36 (KHTML, like Gecko) Chrome/139.0.0.0 Safari/537.36', '2025-09-03 17:49:04', '2025-09-03 17:54:07', '2025-09-03 18:19:04', 'expired', '2025-09-04 00:32:12', 'cleanup_job'),
	(24, 2, '94cf13eed5f4829afb52ec73b1797099', 'd273edd951e1b2a0089f5d32bd1dc15e', '787b0070fc9feff8cf7d7bb544b05c73', '{"userAgent": "Mozilla/5.0 (Windows NT 10.0; Win64; x64) AppleWebKit/537.36 (KHTML, like Gecko) Chrome/139.0.0.0 Safari/537.36", "platform": "Windows", "browser": "Chrome", "deviceType": "Desktop", "isMobile": false, "language": "es-ES", "screenResolution": "1536x864", "timezone": "America/Lima", "timestamp": "2025-09-03T17:54:13.100Z", "cookieEnabled": true, "onlineStatus": true, "deviceMemory": 8, "connectionType": "4g"}', '172.26.0.1', 'Mozilla/5.0 (Windows NT 10.0; Win64; x64) AppleWebKit/537.36 (KHTML, like Gecko) Chrome/139.0.0.0 Safari/537.36', '2025-09-03 17:54:15', '2025-09-03 17:54:53', '2025-09-03 18:24:15', 'expired', '2025-09-04 00:32:12', 'cleanup_job'),
	(25, 2, 'ed3755ab199d7db674f7aa453e364196', '0f1c61296e01b953c4848aae310dd986', 'd1c6f4816ab4fb8f8627097bdb8bd34c', '{"userAgent": "Mozilla/5.0 (Windows NT 10.0; Win64; x64) AppleWebKit/537.36 (KHTML, like Gecko) Chrome/139.0.0.0 Safari/537.36", "platform": "Windows", "browser": "Chrome", "deviceType": "Desktop", "isMobile": false, "language": "es-ES", "screenResolution": "1536x864", "timezone": "America/Lima", "timestamp": "2025-09-03T21:34:37.099Z", "cookieEnabled": true, "onlineStatus": true, "deviceMemory": 8, "connectionType": "4g"}', '172.26.0.1', 'Mozilla/5.0 (Windows NT 10.0; Win64; x64) AppleWebKit/537.36 (KHTML, like Gecko) Chrome/139.0.0.0 Safari/537.36', '2025-09-03 21:34:38', '2025-09-03 21:37:50', '2025-09-03 22:04:38', 'expired', '2025-09-04 15:08:44', 'cleanup_job'),
	(26, 2, '40801c2364fdab0d88fa073375ad5ebc', 'e9995b270e3b251d0d17dd8347002af3', '72e352973a9e9dbc203c9315ad666343', '{"userAgent": "Mozilla/5.0 (Windows NT 10.0; Win64; x64) AppleWebKit/537.36 (KHTML, like Gecko) Chrome/139.0.0.0 Safari/537.36", "platform": "Windows", "browser": "Chrome", "deviceType": "Desktop", "isMobile": false, "language": "es-ES", "screenResolution": "1536x864", "timezone": "America/Lima", "timestamp": "2025-09-03T21:37:54.470Z", "cookieEnabled": true, "onlineStatus": true, "deviceMemory": 8, "connectionType": "4g"}', '172.26.0.1', 'Mozilla/5.0 (Windows NT 10.0; Win64; x64) AppleWebKit/537.36 (KHTML, like Gecko) Chrome/139.0.0.0 Safari/537.36', '2025-09-03 21:37:56', '2025-09-03 21:48:07', '2025-09-03 22:07:56', 'expired', '2025-09-04 15:08:44', 'cleanup_job'),
	(27, 1, 'c82fabc71c70b904a6abaf2874d65366', 'dad563c38f21b7f624a5bd10e706daf2', '371e153704816a7dadd18b450b014d66', '{"userAgent": "Mozilla/5.0 (Windows NT 10.0; Win64; x64) AppleWebKit/537.36 (KHTML, like Gecko) Chrome/139.0.0.0 Safari/537.36", "platform": "Windows", "browser": "Chrome", "deviceType": "Desktop", "isMobile": false, "language": "es-ES", "screenResolution": "2560x1440", "timezone": "America/Lima", "timestamp": "2025-09-03T23:12:32.493Z", "cookieEnabled": true, "onlineStatus": true, "deviceMemory": 8, "connectionType": "4g"}', '172.26.0.1', 'Mozilla/5.0 (Windows NT 10.0; Win64; x64) AppleWebKit/537.36 (KHTML, like Gecko) Chrome/139.0.0.0 Safari/537.36', '2025-09-03 23:12:35', '2025-09-03 23:15:02', '2025-09-03 23:42:35', 'expired', '2025-09-04 15:08:44', 'cleanup_job'),
	(28, 1, '2c4f9e682d7b40ac9cf758bdb5fc50e0', '987d2e4c1c442b6b31e1eb9aa7655f72', '1a3ee457e38951115719532046682606', '{"userAgent": "Mozilla/5.0 (Windows NT 10.0; Win64; x64) AppleWebKit/537.36 (KHTML, like Gecko) Chrome/139.0.0.0 Safari/537.36", "platform": "Windows", "browser": "Chrome", "deviceType": "Desktop", "isMobile": false, "language": "es-ES", "screenResolution": "2560x1440", "timezone": "America/Lima", "timestamp": "2025-09-03T23:26:05.101Z", "cookieEnabled": true, "onlineStatus": true, "deviceMemory": 8, "connectionType": "4g"}', '172.26.0.1', 'Mozilla/5.0 (Windows NT 10.0; Win64; x64) AppleWebKit/537.36 (KHTML, like Gecko) Chrome/139.0.0.0 Safari/537.36', '2025-09-03 23:26:07', '2025-09-03 23:29:00', '2025-09-03 23:56:07', 'expired', '2025-09-04 15:08:44', 'cleanup_job'),
	(29, 2, '080fa30911b539af97485b23d7067c41', '4b0fc4aca96a16d87a6332a5c337cdfd', '525a87e45516beae3970d98b8458f94d', '{"userAgent": "Mozilla/5.0 (Windows NT 10.0; Win64; x64) AppleWebKit/537.36 (KHTML, like Gecko) Chrome/139.0.0.0 Safari/537.36", "platform": "Windows", "browser": "Chrome", "deviceType": "Desktop", "isMobile": false, "language": "es-ES", "screenResolution": "2560x1440", "timezone": "America/Lima", "timestamp": "2025-09-03T23:29:08.401Z", "cookieEnabled": true, "onlineStatus": true, "deviceMemory": 8, "connectionType": "4g"}', '172.26.0.1', 'Mozilla/5.0 (Windows NT 10.0; Win64; x64) AppleWebKit/537.36 (KHTML, like Gecko) Chrome/139.0.0.0 Safari/537.36', '2025-09-03 23:29:09', '2025-09-03 23:30:45', '2025-09-03 23:59:09', 'expired', '2025-09-04 15:08:44', 'cleanup_job'),
	(30, 1, 'ea6f641ac396abbf09b469f8a5e46456', '206973b758504a2b565a4876a4655239', '4eadd0a9fbca0b16833117dc93d1e792', '{"userAgent": "Mozilla/5.0 (Windows NT 10.0; Win64; x64) AppleWebKit/537.36 (KHTML, like Gecko) Chrome/139.0.0.0 Safari/537.36", "platform": "Windows", "browser": "Chrome", "deviceType": "Desktop", "isMobile": false, "language": "es-ES", "screenResolution": "2560x1440", "timezone": "America/Lima", "timestamp": "2025-09-04T00:06:02.225Z", "cookieEnabled": true, "onlineStatus": true, "deviceMemory": 8, "connectionType": "4g"}', '172.26.0.1', 'Mozilla/5.0 (Windows NT 10.0; Win64; x64) AppleWebKit/537.36 (KHTML, like Gecko) Chrome/139.0.0.0 Safari/537.36', '2025-09-04 00:06:02', '2025-09-04 00:16:17', '2025-09-04 00:36:02', 'expired', '2025-09-04 15:08:44', 'cleanup_job'),
	(31, 2, '9fe6ec3b878582bb0be49e0ebc223581', '44f40cb968edf2efb2a7c5dd675a2622', '714814381c730f941e3df5c819c34b84', '{"userAgent": "Mozilla/5.0 (Windows NT 10.0; Win64; x64) AppleWebKit/537.36 (KHTML, like Gecko) Chrome/139.0.0.0 Safari/537.36", "platform": "Windows", "browser": "Chrome", "deviceType": "Desktop", "isMobile": false, "language": "es-ES", "screenResolution": "2560x1440", "timezone": "America/Lima", "timestamp": "2025-09-04T00:16:22.637Z", "cookieEnabled": true, "onlineStatus": true, "deviceMemory": 8, "connectionType": "4g"}', '172.26.0.1', 'Mozilla/5.0 (Windows NT 10.0; Win64; x64) AppleWebKit/537.36 (KHTML, like Gecko) Chrome/139.0.0.0 Safari/537.36', '2025-09-04 00:16:25', '2025-09-04 00:20:31', '2025-09-04 00:46:25', 'expired', '2025-09-04 15:08:44', 'cleanup_job'),
	(32, 2, '0e330ec9ee384e732839dcdcd846e1ee', '44e1ec658321ea40fa8f9cb10d1352e8', '3de9474c8ba705cfd73b8adf75559566', '{"userAgent": "Mozilla/5.0 (Windows NT 10.0; Win64; x64) AppleWebKit/537.36 (KHTML, like Gecko) Chrome/139.0.0.0 Safari/537.36", "platform": "Windows", "browser": "Chrome", "deviceType": "Desktop", "isMobile": false, "language": "es-ES", "screenResolution": "2560x1440", "timezone": "America/Lima", "timestamp": "2025-09-04T00:33:13.932Z", "cookieEnabled": true, "onlineStatus": true, "deviceMemory": 8, "connectionType": "4g"}', '172.26.0.1', 'Mozilla/5.0 (Windows NT 10.0; Win64; x64) AppleWebKit/537.36 (KHTML, like Gecko) Chrome/139.0.0.0 Safari/537.36', '2025-09-04 00:33:17', '2025-09-04 00:42:45', '2025-09-04 01:03:17', 'revoked', '2025-09-04 00:42:45', 'user_logout'),
	(33, 2, '98cdf0f8d1289f7afc5aa2b54b6c6314', '1498a82dc3ac49896cbdf1330e2aea34', '0494df373abd92a4277261e5e4147218', '{"userAgent": "Mozilla/5.0 (Windows NT 10.0; Win64; x64) AppleWebKit/537.36 (KHTML, like Gecko) Chrome/139.0.0.0 Safari/537.36", "platform": "Windows", "browser": "Chrome", "deviceType": "Desktop", "isMobile": false, "language": "es-ES", "screenResolution": "2560x1440", "timezone": "America/Lima", "timestamp": "2025-09-04T00:42:56.305Z", "cookieEnabled": true, "onlineStatus": true, "deviceMemory": 8, "connectionType": "4g"}', '172.26.0.1', 'Mozilla/5.0 (Windows NT 10.0; Win64; x64) AppleWebKit/537.36 (KHTML, like Gecko) Chrome/139.0.0.0 Safari/537.36', '2025-09-04 00:42:59', '2025-09-04 01:11:43', '2025-09-04 01:12:59', 'revoked', '2025-09-04 01:11:43', 'user_logout'),
	(34, 2, 'afe286e51fcb91a97436457c8f996977', '56603e22134dde159e458b4b0325416a', '2354e132ebeeadb805ccd83fe1c541b1', '{"userAgent": "Mozilla/5.0 (Windows NT 10.0; Win64; x64) AppleWebKit/537.36 (KHTML, like Gecko) Chrome/139.0.0.0 Safari/537.36", "platform": "Windows", "browser": "Chrome", "deviceType": "Desktop", "isMobile": false, "language": "es-ES", "screenResolution": "2560x1440", "timezone": "America/Lima", "timestamp": "2025-09-04T01:11:50.842Z", "cookieEnabled": true, "onlineStatus": true, "deviceMemory": 8, "connectionType": "4g"}', '172.26.0.1', 'Mozilla/5.0 (Windows NT 10.0; Win64; x64) AppleWebKit/537.36 (KHTML, like Gecko) Chrome/139.0.0.0 Safari/537.36', '2025-09-04 01:11:53', '2025-09-04 01:12:32', '2025-09-04 01:41:53', 'revoked', '2025-09-04 01:12:32', 'user_logout'),
	(35, 2, 'cac0135cae2392870fe3fbb38692b489', '5ee34ede64ebb0958a255466cdbdaa2f', 'd94925f16ac35e5bdfb0140cf80cb80b', '{"userAgent": "Mozilla/5.0 (Windows NT 10.0; Win64; x64) AppleWebKit/537.36 (KHTML, like Gecko) Chrome/139.0.0.0 Safari/537.36", "platform": "Windows", "browser": "Chrome", "deviceType": "Desktop", "isMobile": false, "language": "es-ES", "screenResolution": "2560x1440", "timezone": "America/Lima", "timestamp": "2025-09-04T01:12:37.989Z", "cookieEnabled": true, "onlineStatus": true, "deviceMemory": 8, "connectionType": "4g"}', '172.26.0.1', 'Mozilla/5.0 (Windows NT 10.0; Win64; x64) AppleWebKit/537.36 (KHTML, like Gecko) Chrome/139.0.0.0 Safari/537.36', '2025-09-04 01:12:39', '2025-09-04 01:16:56', '2025-09-04 01:42:39', 'revoked', '2025-09-04 01:16:56', 'user_logout'),
	(36, 2, 'a62f0ce0df68a2db4972f82605b88713', '9fd162c546943c8b94735483a43bb349', '6b2a5caf2ae87b6062b7ede0ab49097c', '{"userAgent": "Mozilla/5.0 (Windows NT 10.0; Win64; x64) AppleWebKit/537.36 (KHTML, like Gecko) Chrome/139.0.0.0 Safari/537.36", "platform": "Windows", "browser": "Chrome", "deviceType": "Desktop", "isMobile": false, "language": "es-ES", "screenResolution": "2560x1440", "timezone": "America/Lima", "timestamp": "2025-09-04T01:17:02.100Z", "cookieEnabled": true, "onlineStatus": true, "deviceMemory": 8, "connectionType": "4g"}', '172.26.0.1', 'Mozilla/5.0 (Windows NT 10.0; Win64; x64) AppleWebKit/537.36 (KHTML, like Gecko) Chrome/139.0.0.0 Safari/537.36', '2025-09-04 01:17:03', '2025-09-04 01:31:48', '2025-09-04 01:47:03', 'revoked', '2025-09-04 01:31:48', 'user_logout'),
	(37, 2, 'ea8b3c7217126944e717b73614397e40', 'd0b2d31f6eaec9b936d3e9c92bb6a37d', '93f43268adf95621a6edf60a2c451584', '{"userAgent": "Mozilla/5.0 (Windows NT 10.0; Win64; x64) AppleWebKit/537.36 (KHTML, like Gecko) Chrome/139.0.0.0 Safari/537.36", "platform": "Windows", "browser": "Chrome", "deviceType": "Desktop", "isMobile": false, "language": "es-ES", "screenResolution": "2560x1440", "timezone": "America/Lima", "timestamp": "2025-09-04T01:32:31.690Z", "cookieEnabled": true, "onlineStatus": true, "deviceMemory": 8, "connectionType": "4g"}', '172.26.0.1', 'Mozilla/5.0 (Windows NT 10.0; Win64; x64) AppleWebKit/537.36 (KHTML, like Gecko) Chrome/139.0.0.0 Safari/537.36', '2025-09-04 01:32:32', '2025-09-04 01:32:45', '2025-09-04 02:02:32', 'revoked', '2025-09-04 01:32:45', 'user_logout'),
	(38, 2, '9ab49afcbd055e3687cf4e78cd12da3e', '34305338f9f2b9377e3ec4d1dbfc6622', 'cf0c5a7ebe306c34427731f2fe22bd83', '{"userAgent": "Mozilla/5.0 (Windows NT 10.0; Win64; x64) AppleWebKit/537.36 (KHTML, like Gecko) Chrome/139.0.0.0 Safari/537.36", "platform": "Windows", "browser": "Chrome", "deviceType": "Desktop", "isMobile": false, "language": "es-ES", "screenResolution": "2560x1440", "timezone": "America/Lima", "timestamp": "2025-09-04T01:32:51.423Z", "cookieEnabled": true, "onlineStatus": true, "deviceMemory": 8, "connectionType": "4g"}', '172.26.0.1', 'Mozilla/5.0 (Windows NT 10.0; Win64; x64) AppleWebKit/537.36 (KHTML, like Gecko) Chrome/139.0.0.0 Safari/537.36', '2025-09-04 01:32:53', '2025-09-04 01:33:30', '2025-09-04 02:02:53', 'revoked', '2025-09-04 01:33:30', 'user_logout'),
	(39, 2, '82d3c3e460d82fefe356ec619f6adf18', '98cd7c620fb1b706dd552eccd1ed9b21', '7f7d570122d55a3fd3c56b9205ea5a4e', '{"userAgent": "Mozilla/5.0 (Windows NT 10.0; Win64; x64) AppleWebKit/537.36 (KHTML, like Gecko) Chrome/139.0.0.0 Safari/537.36", "platform": "Windows", "browser": "Chrome", "deviceType": "Desktop", "isMobile": false, "language": "es-ES", "screenResolution": "2560x1440", "timezone": "America/Lima", "timestamp": "2025-09-04T01:33:36.978Z", "cookieEnabled": true, "onlineStatus": true, "deviceMemory": 8, "connectionType": "4g"}', '172.26.0.1', 'Mozilla/5.0 (Windows NT 10.0; Win64; x64) AppleWebKit/537.36 (KHTML, like Gecko) Chrome/139.0.0.0 Safari/537.36', '2025-09-04 01:33:37', '2025-09-04 01:33:49', '2025-09-04 02:03:37', 'revoked', '2025-09-04 01:33:49', 'user_logout'),
	(40, 1, '2e603ce3c5b19e3e5bae33f911f7faa5', '1ffa052b78eeff2495165838c3a93198', '98aa222cc688c1efdc9ed80046fc7370', '{"userAgent": "Mozilla/5.0 (Windows NT 10.0; Win64; x64) AppleWebKit/537.36 (KHTML, like Gecko) Chrome/139.0.0.0 Safari/537.36", "platform": "Windows", "browser": "Chrome", "deviceType": "Desktop", "isMobile": false, "language": "es-ES", "screenResolution": "2560x1440", "timezone": "America/Lima", "timestamp": "2025-09-04T01:33:53.707Z", "cookieEnabled": true, "onlineStatus": true, "deviceMemory": 8, "connectionType": "4g"}', '172.26.0.1', 'Mozilla/5.0 (Windows NT 10.0; Win64; x64) AppleWebKit/537.36 (KHTML, like Gecko) Chrome/139.0.0.0 Safari/537.36', '2025-09-04 01:33:55', '2025-09-04 01:34:02', '2025-09-04 02:03:55', 'revoked', '2025-09-04 01:34:02', 'user_logout'),
	(41, 2, 'ba3baad197bb929049d636b5045327b8', 'c745bd59e5f5557ddad2cb1181d8e2ca', '8748b0d2fe87e1f90e7f31c6eb46c5e9', '{"userAgent": "Mozilla/5.0 (Windows NT 10.0; Win64; x64) AppleWebKit/537.36 (KHTML, like Gecko) Chrome/139.0.0.0 Safari/537.36", "platform": "Windows", "browser": "Chrome", "deviceType": "Desktop", "isMobile": false, "language": "es-ES", "screenResolution": "1536x864", "timezone": "America/Lima", "timestamp": "2025-09-04T14:20:05.191Z", "cookieEnabled": true, "onlineStatus": true, "deviceMemory": 8, "connectionType": "3g"}', '172.26.0.1', 'Mozilla/5.0 (Windows NT 10.0; Win64; x64) AppleWebKit/537.36 (KHTML, like Gecko) Chrome/139.0.0.0 Safari/537.36', '2025-09-04 14:20:05', '2025-09-04 14:29:05', '2025-09-04 14:50:05', 'revoked', '2025-09-04 14:29:05', 'user_logout'),
	(42, 2, 'a8c84a2f5dc04dff3eb86932dbd51fb8', '9473e1e76699eba0662c986e5a2f1ae9', '6e53de42ad3222d2a18bfba13b6d7554', '{"userAgent": "Mozilla/5.0 (Windows NT 10.0; Win64; x64) AppleWebKit/537.36 (KHTML, like Gecko) Chrome/139.0.0.0 Safari/537.36", "platform": "Windows", "browser": "Chrome", "deviceType": "Desktop", "isMobile": false, "language": "es-ES", "screenResolution": "1536x864", "timezone": "America/Lima", "timestamp": "2025-09-04T14:29:10.861Z", "cookieEnabled": true, "onlineStatus": true, "deviceMemory": 8, "connectionType": "3g"}', '172.26.0.1', 'Mozilla/5.0 (Windows NT 10.0; Win64; x64) AppleWebKit/537.36 (KHTML, like Gecko) Chrome/139.0.0.0 Safari/537.36', '2025-09-04 14:29:11', '2025-09-04 14:29:34', '2025-09-04 14:59:11', 'revoked', '2025-09-04 14:29:34', 'user_logout'),
	(43, 2, '60f8a6f8062ea8974cb43384e36cec54', 'bc30f2c62a04a1a8a49f4de2c1ed5f6d', '15ff6e9e50460d903e1b17bd7ac24340', '{"userAgent": "Mozilla/5.0 (Windows NT 10.0; Win64; x64) AppleWebKit/537.36 (KHTML, like Gecko) Chrome/139.0.0.0 Safari/537.36", "platform": "Windows", "browser": "Chrome", "deviceType": "Desktop", "isMobile": false, "language": "es-ES", "screenResolution": "1536x864", "timezone": "America/Lima", "timestamp": "2025-09-04T14:29:41.131Z", "cookieEnabled": true, "onlineStatus": true, "deviceMemory": 8, "connectionType": "3g"}', '172.26.0.1', 'Mozilla/5.0 (Windows NT 10.0; Win64; x64) AppleWebKit/537.36 (KHTML, like Gecko) Chrome/139.0.0.0 Safari/537.36', '2025-09-04 14:29:41', '2025-09-04 14:32:25', '2025-09-04 14:59:41', 'expired', '2025-09-05 03:01:10', 'cleanup_job'),
	(44, 2, 'ddf730bc9d046eda4c5ae45fec6621ea', '15178124fd21bd251d6355e03eba65cf', '88450ca9e364664c91d4a85e81a693a9', '{"userAgent": "Mozilla/5.0 (Windows NT 10.0; Win64; x64) AppleWebKit/537.36 (KHTML, like Gecko) Chrome/139.0.0.0 Safari/537.36", "platform": "Windows", "browser": "Chrome", "deviceType": "Desktop", "isMobile": false, "language": "es-ES", "screenResolution": "1536x864", "timezone": "America/Lima", "timestamp": "2025-09-04T15:09:05.399Z", "cookieEnabled": true, "onlineStatus": true, "deviceMemory": 8, "connectionType": "4g"}', '172.26.0.1', 'Mozilla/5.0 (Windows NT 10.0; Win64; x64) AppleWebKit/537.36 (KHTML, like Gecko) Chrome/139.0.0.0 Safari/537.36', '2025-09-04 15:09:05', '2025-09-04 15:10:42', '2025-09-04 15:39:05', 'expired', '2025-09-05 03:01:10', 'cleanup_job'),
	(45, 2, 'ec52dab3d6089fa5c0aa5babe5350fff', '25ee625ccce80148b03969bac05c5a05', '813828b46c53ab82f360c941ccced98f', '{"userAgent": "Mozilla/5.0 (Windows NT 10.0; Win64; x64) AppleWebKit/537.36 (KHTML, like Gecko) Chrome/139.0.0.0 Safari/537.36", "platform": "Windows", "browser": "Chrome", "deviceType": "Desktop", "isMobile": false, "language": "es-ES", "screenResolution": "1536x864", "timezone": "America/Lima", "timestamp": "2025-09-04T15:56:14.804Z", "cookieEnabled": true, "onlineStatus": true, "deviceMemory": 8, "connectionType": "4g"}', '172.26.0.1', 'Mozilla/5.0 (Windows NT 10.0; Win64; x64) AppleWebKit/537.36 (KHTML, like Gecko) Chrome/139.0.0.0 Safari/537.36', '2025-09-04 15:56:15', '2025-09-04 15:58:18', '2025-09-04 16:26:15', 'revoked', '2025-09-04 15:58:18', 'user_logout'),
	(46, 2, 'dd821445ae1a25e32558139d7ccaceda', 'ba15155c67a817521507f823f2d6c4ab', 'e5a3eb2d4b4991c5f4100adcc22e7de5', '{"userAgent": "Mozilla/5.0 (Windows NT 10.0; Win64; x64) AppleWebKit/537.36 (KHTML, like Gecko) Chrome/139.0.0.0 Safari/537.36", "platform": "Windows", "browser": "Chrome", "deviceType": "Desktop", "isMobile": false, "language": "es-ES", "screenResolution": "1536x864", "timezone": "America/Lima", "timestamp": "2025-09-04T16:56:35.187Z", "cookieEnabled": true, "onlineStatus": true, "deviceMemory": 8, "connectionType": "4g"}', '172.26.0.1', 'Mozilla/5.0 (Windows NT 10.0; Win64; x64) AppleWebKit/537.36 (KHTML, like Gecko) Chrome/139.0.0.0 Safari/537.36', '2025-09-04 16:56:37', '2025-09-04 16:56:37', '2025-09-04 17:26:36', 'expired', '2025-09-05 03:01:10', 'cleanup_job'),
	(47, 1, '04cc12a9048666afa47b943ef59ee307', 'f08e32b020298dafbcdb1d16200649ea', '44abde05cc049e8d938fba04dbe20945', '{"userAgent": "Mozilla/5.0 (Windows NT 10.0; Win64; x64) AppleWebKit/537.36 (KHTML, like Gecko) Chrome/139.0.0.0 Safari/537.36", "platform": "Windows", "browser": "Chrome", "deviceType": "Desktop", "isMobile": false, "language": "es-ES", "screenResolution": "1536x864", "timezone": "America/Lima", "timestamp": "2025-09-04T20:51:52.870Z", "cookieEnabled": true, "onlineStatus": true, "deviceMemory": 8, "connectionType": "4g"}', '172.26.0.1', 'Mozilla/5.0 (Windows NT 10.0; Win64; x64) AppleWebKit/537.36 (KHTML, like Gecko) Chrome/139.0.0.0 Safari/537.36', '2025-09-04 20:51:54', '2025-09-04 20:51:54', '2025-09-04 21:21:54', 'expired', '2025-09-05 03:01:10', 'cleanup_job'),
	(48, 1, '7b9cbbe4bde452819f2218b932cd37f8', 'b5a9caa5f8b58de75bec90630660f258', 'ecabc75824032b2d5251655d2524b068', '{"userAgent": "Mozilla/5.0 (Windows NT 10.0; Win64; x64) AppleWebKit/537.36 (KHTML, like Gecko) Chrome/139.0.0.0 Safari/537.36", "platform": "Windows", "browser": "Chrome", "deviceType": "Desktop", "isMobile": false, "language": "es-ES", "screenResolution": "1536x864", "timezone": "America/Lima", "timestamp": "2025-09-04T21:35:58.240Z", "cookieEnabled": true, "onlineStatus": true, "deviceMemory": 8, "connectionType": "4g"}', '172.26.0.1', 'Mozilla/5.0 (Windows NT 10.0; Win64; x64) AppleWebKit/537.36 (KHTML, like Gecko) Chrome/139.0.0.0 Safari/537.36', '2025-09-04 21:36:01', '2025-09-04 21:38:14', '2025-09-04 22:06:01', 'expired', '2025-09-06 04:21:28', 'cleanup_job'),
	(49, 1, 'bdf2c91649e9107488950375a8aff943', 'a82b3f25cadf718346aa5695267dd141', '2efbf3ee49a67a65642c7c40c8b6ba07', '{"userAgent": "Mozilla/5.0 (Windows NT 10.0; Win64; x64) AppleWebKit/537.36 (KHTML, like Gecko) Chrome/139.0.0.0 Safari/537.36", "platform": "Windows", "browser": "Chrome", "deviceType": "Desktop", "isMobile": false, "language": "es-ES", "screenResolution": "2560x1440", "timezone": "America/Lima", "timestamp": "2025-09-05T03:42:02.130Z", "cookieEnabled": true, "onlineStatus": true, "deviceMemory": 8, "connectionType": "4g"}', '172.26.0.1', 'Mozilla/5.0 (Windows NT 10.0; Win64; x64) AppleWebKit/537.36 (KHTML, like Gecko) Chrome/139.0.0.0 Safari/537.36', '2025-09-05 03:42:04', '2025-09-05 03:42:04', '2025-09-05 04:12:04', 'expired', '2025-09-06 04:21:28', 'cleanup_job'),
	(50, 2, '3a6f24d3157c2dcecf1b09a39d784bde', 'd8ac57a2d7393b6e42d60ff2497ee636', '4e6e289f97cb38a989c6ed408d4db161', '{"userAgent": "Mozilla/5.0 (Windows NT 10.0; Win64; x64) AppleWebKit/537.36 (KHTML, like Gecko) Chrome/139.0.0.0 Safari/537.36", "platform": "Windows", "browser": "Chrome", "deviceType": "Desktop", "isMobile": false, "language": "es-ES", "screenResolution": "2560x1440", "timezone": "America/Lima", "timestamp": "2025-09-06T04:21:45.420Z", "cookieEnabled": true, "onlineStatus": true, "deviceMemory": 8, "connectionType": "4g"}', '172.26.0.1', 'Mozilla/5.0 (Windows NT 10.0; Win64; x64) AppleWebKit/537.36 (KHTML, like Gecko) Chrome/139.0.0.0 Safari/537.36', '2025-09-06 04:21:46', '2025-09-06 04:22:15', '2025-09-06 04:51:46', 'expired', '2025-09-06 15:51:51', 'cleanup_job'),
	(51, 2, 'ecfd28756ad5ba19ed3610cef1f5defc', '6bd8599d49344ad327be5efc3678f92b', '5686ef2d89aba3f972cf048ee7005132', '{"userAgent": "Mozilla/5.0 (Windows NT 10.0; Win64; x64) AppleWebKit/537.36 (KHTML, like Gecko) Chrome/139.0.0.0 Safari/537.36", "platform": "Windows", "browser": "Chrome", "deviceType": "Desktop", "isMobile": false, "language": "es-ES", "screenResolution": "2560x1440", "timezone": "America/Lima", "timestamp": "2025-09-06T16:08:50.120Z", "cookieEnabled": true, "onlineStatus": true, "deviceMemory": 8, "connectionType": "4g"}', '172.26.0.1', 'Mozilla/5.0 (Windows NT 10.0; Win64; x64) AppleWebKit/537.36 (KHTML, like Gecko) Chrome/139.0.0.0 Safari/537.36', '2025-09-06 16:08:50', '2025-09-06 16:10:18', '2025-09-06 16:38:50', 'revoked', '2025-09-06 16:16:59', 'admin:prueba'),
	(52, 2, 'a4dc8ee8897fad8ea5fbac8fe472e4d9', 'a8de91dd28fbf30ebb1a16de857430d0', '342a64e0bcd5ed181cd9c3c584c5187d', '{"userAgent": "Mozilla/5.0 (Windows NT 10.0; Win64; x64) AppleWebKit/537.36 (KHTML, like Gecko) Chrome/139.0.0.0 Safari/537.36", "platform": "Windows", "browser": "Chrome", "deviceType": "Desktop", "isMobile": false, "language": "es-ES", "screenResolution": "2560x1440", "timezone": "America/Lima", "timestamp": "2025-09-06T16:44:58.879Z", "cookieEnabled": true, "onlineStatus": true, "deviceMemory": 8, "connectionType": "4g"}', '172.26.0.1', 'Mozilla/5.0 (Windows NT 10.0; Win64; x64) AppleWebKit/537.36 (KHTML, like Gecko) Chrome/139.0.0.0 Safari/537.36', '2025-09-06 16:45:00', '2025-09-06 16:45:06', '2025-09-06 17:15:00', 'revoked', '2025-09-06 16:45:41', 'admin:prueba'),
	(53, 2, '2c54fff483fab88b88cd0a22bbdb06d6', 'c7c9b8e6860a09bdcbfbc8e818cafeb3', '8b328f19454634fe9443e56ed361b548', '{"userAgent": "Mozilla/5.0 (Windows NT 10.0; Win64; x64) AppleWebKit/537.36 (KHTML, like Gecko) Chrome/139.0.0.0 Safari/537.36", "platform": "Windows", "browser": "Chrome", "deviceType": "Desktop", "isMobile": false, "language": "es-ES", "screenResolution": "2560x1440", "timezone": "America/Lima", "timestamp": "2025-09-06T17:01:37.059Z", "cookieEnabled": true, "onlineStatus": true, "deviceMemory": 8, "connectionType": "4g"}', '172.26.0.1', 'Mozilla/5.0 (Windows NT 10.0; Win64; x64) AppleWebKit/537.36 (KHTML, like Gecko) Chrome/139.0.0.0 Safari/537.36', '2025-09-06 17:01:38', '2025-09-06 17:02:14', '2025-09-06 17:31:38', 'revoked', '2025-09-06 17:03:55', 'admin:prueba'),
	(54, 2, '9b77a64eed812043c6f30a49fc225e32', '51ee4a5513e0004961e1523116485a9a', '133cd8d0b86bbd7e312c571a0705a2d6', '{"userAgent": "Mozilla/5.0 (Windows NT 10.0; Win64; x64) AppleWebKit/537.36 (KHTML, like Gecko) Chrome/139.0.0.0 Safari/537.36", "platform": "Windows", "browser": "Chrome", "deviceType": "Desktop", "isMobile": false, "language": "es-ES", "screenResolution": "2560x1440", "timezone": "America/Lima", "timestamp": "2025-09-06T17:19:28.251Z", "cookieEnabled": true, "onlineStatus": true, "deviceMemory": 8, "connectionType": "4g"}', '172.26.0.1', 'Mozilla/5.0 (Windows NT 10.0; Win64; x64) AppleWebKit/537.36 (KHTML, like Gecko) Chrome/139.0.0.0 Safari/537.36', '2025-09-06 17:19:29', '2025-09-06 17:19:29', '2025-09-06 17:49:29', 'revoked', '2025-09-06 21:14:26', 'inactivity_detected'),
	(55, 2, '7f3c7c60d42117d91b08dafdc4e57c3b', 'edd1c7ab41699d84579f1de4950c73de', 'c0d3ee7006647f0e1db793c07dbe1422', '{"userAgent": "Mozilla/5.0 (Windows NT 10.0; Win64; x64) AppleWebKit/537.36 (KHTML, like Gecko) Chrome/139.0.0.0 Safari/537.36", "platform": "Windows", "browser": "Chrome", "deviceType": "Desktop", "isMobile": false, "language": "es-ES", "screenResolution": "2560x1440", "timezone": "America/Lima", "timestamp": "2025-09-06T23:09:10.683Z", "cookieEnabled": true, "onlineStatus": true, "deviceMemory": 8, "connectionType": "4g"}', '172.26.0.1', 'Mozilla/5.0 (Windows NT 10.0; Win64; x64) AppleWebKit/537.36 (KHTML, like Gecko) Chrome/139.0.0.0 Safari/537.36', '2025-09-06 23:09:11', '2025-09-06 23:09:23', '2025-09-06 23:39:11', 'revoked', '2025-09-07 00:59:02', 'inactivity_detected'),
	(56, 2, '689f5dc733c14e5ebf43fa9f10986711', '6b629d4a46e4171c2ab8faed800893fc', 'e35954c659858fbba54c77f70a5d7fb6', '{"userAgent": "Mozilla/5.0 (Windows NT 10.0; Win64; x64) AppleWebKit/537.36 (KHTML, like Gecko) Chrome/139.0.0.0 Safari/537.36", "platform": "Windows", "browser": "Chrome", "deviceType": "Desktop", "isMobile": false, "language": "es-ES", "screenResolution": "2560x1440", "timezone": "America/Lima", "timestamp": "2025-09-07T00:59:15.415Z", "cookieEnabled": true, "onlineStatus": true, "deviceMemory": 8, "connectionType": "4g"}', '172.26.0.1', 'Mozilla/5.0 (Windows NT 10.0; Win64; x64) AppleWebKit/537.36 (KHTML, like Gecko) Chrome/139.0.0.0 Safari/537.36', '2025-09-07 00:59:17', '2025-09-07 01:05:28', '2025-09-07 01:29:17', 'revoked', '2025-09-07 04:37:16', 'inactivity_detected'),
	(57, 2, '08ab6bed4b566fe6cfee5df1ae75074d', '9f3c3338a8a184097cf38a5e285efd2e', '75d59a1587eca32bc99e8850fd31e191', '{"userAgent": "Mozilla/5.0 (Windows NT 10.0; Win64; x64) AppleWebKit/537.36 (KHTML, like Gecko) Chrome/139.0.0.0 Safari/537.36", "platform": "Windows", "browser": "Chrome", "deviceType": "Desktop", "isMobile": false, "language": "es-ES", "screenResolution": "2560x1440", "timezone": "America/Lima", "timestamp": "2025-09-07T04:37:29.252Z", "cookieEnabled": true, "onlineStatus": true, "deviceMemory": 8, "connectionType": "4g"}', '172.26.0.1', 'Mozilla/5.0 (Windows NT 10.0; Win64; x64) AppleWebKit/537.36 (KHTML, like Gecko) Chrome/139.0.0.0 Safari/537.36', '2025-09-07 04:37:29', '2025-09-07 05:01:08', '2025-09-07 05:07:29', 'revoked', '2025-09-07 16:25:21', 'inactivity_detected'),
	(58, 2, 'bb9a6e1a7689bce0e35258f23a3be61e', '4b218fcb6c180d48d5b7cecf88ae566e', '4926a6c140e768bb7eab71708dd41a3d', '{"userAgent": "Mozilla/5.0 (Windows NT 10.0; Win64; x64) AppleWebKit/537.36 (KHTML, like Gecko) Chrome/139.0.0.0 Safari/537.36", "platform": "Windows", "browser": "Chrome", "deviceType": "Desktop", "isMobile": false, "language": "es-ES", "screenResolution": "2560x1440", "timezone": "America/Lima", "timestamp": "2025-09-07T16:30:36.428Z", "cookieEnabled": true, "onlineStatus": true, "deviceMemory": 8, "connectionType": "3g"}', '172.26.0.1', 'Mozilla/5.0 (Windows NT 10.0; Win64; x64) AppleWebKit/537.36 (KHTML, like Gecko) Chrome/139.0.0.0 Safari/537.36', '2025-09-07 16:30:38', '2025-09-07 16:30:38', '2025-09-07 17:00:38', 'expired', '2025-09-08 02:00:03', 'cleanup_job'),
	(59, 2, 'd7954f9178a9f851f042a81e2dcec285', 'c230abb45bbd8cf1fa35a45220f8ff53', '2929de31b2b3eaad516dd73dac4bd712', '{"userAgent": "Mozilla/5.0 (Windows NT 10.0; Win64; x64) AppleWebKit/537.36 (KHTML, like Gecko) Chrome/139.0.0.0 Safari/537.36", "platform": "Windows", "browser": "Chrome", "deviceType": "Desktop", "isMobile": false, "language": "es-ES", "screenResolution": "2560x1440", "timezone": "America/Lima", "timestamp": "2025-09-07T20:31:04.275Z", "cookieEnabled": true, "onlineStatus": true, "deviceMemory": 8, "connectionType": "4g"}', '172.26.0.1', 'Mozilla/5.0 (Windows NT 10.0; Win64; x64) AppleWebKit/537.36 (KHTML, like Gecko) Chrome/139.0.0.0 Safari/537.36', '2025-09-07 20:31:06', '2025-09-07 20:33:27', '2025-09-07 21:01:06', 'revoked', '2025-09-07 20:33:27', 'user_logout'),
	(60, 2, '4bf9d6c34fcd94edc0aef212faa852c1', 'ddae6ec5d71b60a7598a72d47cc7bb3c', '13918d430fea990b2e0e3fc9371ea0bc', '{"userAgent": "Mozilla/5.0 (Windows NT 10.0; Win64; x64) AppleWebKit/537.36 (KHTML, like Gecko) Chrome/139.0.0.0 Safari/537.36", "platform": "Windows", "browser": "Chrome", "deviceType": "Desktop", "isMobile": false, "language": "es-ES", "screenResolution": "2560x1440", "timezone": "America/Lima", "timestamp": "2025-09-07T20:38:20.791Z", "cookieEnabled": true, "onlineStatus": true, "deviceMemory": 8, "connectionType": "4g"}', '172.26.0.1', 'Mozilla/5.0 (Windows NT 10.0; Win64; x64) AppleWebKit/537.36 (KHTML, like Gecko) Chrome/139.0.0.0 Safari/537.36', '2025-09-07 20:38:22', '2025-09-07 20:38:22', '2025-09-07 21:08:22', 'expired', '2025-09-08 16:37:18', 'cleanup_job'),
	(61, 2, 'be3d6138c79a8a4f1ddf44b5b0f35b7b', '85c893f85ae3f88ac630e9d2ec178dad', '8f7a81389df1ec349e2e1cc110482dc1', '{"userAgent": "Mozilla/5.0 (Windows NT 10.0; Win64; x64) AppleWebKit/537.36 (KHTML, like Gecko) Chrome/139.0.0.0 Safari/537.36", "platform": "Windows", "browser": "Chrome", "deviceType": "Desktop", "isMobile": false, "language": "es-ES", "screenResolution": "1536x864", "timezone": "America/Lima", "timestamp": "2025-09-08T16:37:31.566Z", "cookieEnabled": true, "onlineStatus": true, "deviceMemory": 8, "connectionType": "4g"}', '172.26.0.1', 'Mozilla/5.0 (Windows NT 10.0; Win64; x64) AppleWebKit/537.36 (KHTML, like Gecko) Chrome/139.0.0.0 Safari/537.36', '2025-09-08 16:37:32', '2025-09-08 16:37:32', '2025-09-08 17:07:32', 'expired', '2025-09-22 17:37:26', 'cleanup_job'),
	(62, 1, 'dd42d662b7b6560e46d693414bf51d01', '41e1d9b45ffbe7303239f47466b44e4e', '3b63c22d8c67800f83d6663a22cdb797', '{"userAgent": "Mozilla/5.0 (Windows NT 10.0; Win64; x64) AppleWebKit/537.36 (KHTML, like Gecko) Chrome/140.0.0.0 Safari/537.36", "platform": "Windows", "browser": "Chrome", "deviceType": "Desktop", "isMobile": false, "language": "es-ES", "screenResolution": "1536x864", "timezone": "America/Lima", "timestamp": "2025-09-22T17:38:07.975Z", "cookieEnabled": true, "onlineStatus": true, "deviceMemory": 8, "connectionType": "4g"}', '172.26.0.1', 'Mozilla/5.0 (Windows NT 10.0; Win64; x64) AppleWebKit/537.36 (KHTML, like Gecko) Chrome/140.0.0.0 Safari/537.36', '2025-09-22 17:38:08', '2025-09-22 17:38:23', '2025-09-22 18:08:08', 'expired', '2025-09-23 02:54:30', 'cleanup_job'),
	(63, 1, '41fd21f08442220d1f47f46af37c1044', 'e40fea70ee2875d77098e266e97510e8', 'fa25f282f2f00aab34220623a5364e1e', '{"userAgent": "Mozilla/5.0 (Windows NT 10.0; Win64; x64) AppleWebKit/537.36 (KHTML, like Gecko) Chrome/140.0.0.0 Safari/537.36", "platform": "Windows", "browser": "Chrome", "deviceType": "Desktop", "isMobile": false, "language": "es-ES", "screenResolution": "1536x864", "timezone": "America/Lima", "timestamp": "2025-09-23T16:07:57.976Z", "cookieEnabled": true, "onlineStatus": true, "deviceMemory": 8, "connectionType": "4g"}', '172.26.0.1', 'Mozilla/5.0 (Windows NT 10.0; Win64; x64) AppleWebKit/537.36 (KHTML, like Gecko) Chrome/140.0.0.0 Safari/537.36', '2025-09-23 16:07:58', '2025-09-23 16:25:37', '2025-09-23 16:37:58', 'expired', '2025-09-24 03:00:36', 'cleanup_job'),
	(64, 1, '974ea2d39d2dfb4f4aa4fcf915a41fd0', 'e81cf6cfc72dcd7f57ebc9d0fa259dbc', 'a6d9c1cbe8fdfabc4a316c688d2ee623', '{"userAgent": "Mozilla/5.0 (Windows NT 10.0; Win64; x64) AppleWebKit/537.36 (KHTML, like Gecko) Chrome/140.0.0.0 Safari/537.36", "platform": "Windows", "browser": "Chrome", "deviceType": "Desktop", "isMobile": false, "language": "es-ES", "screenResolution": "1536x864", "timezone": "America/Lima", "timestamp": "2025-09-23T17:11:46.118Z", "cookieEnabled": true, "onlineStatus": true, "deviceMemory": 8, "connectionType": "4g"}', '172.26.0.1', 'Mozilla/5.0 (Windows NT 10.0; Win64; x64) AppleWebKit/537.36 (KHTML, like Gecko) Chrome/140.0.0.0 Safari/537.36', '2025-09-23 17:11:49', '2025-09-23 17:25:14', '2025-09-23 17:41:49', 'expired', '2025-09-24 03:00:36', 'cleanup_job'),
	(65, 1, '80078dbebb553e07bb8ce5ef9fe630d7', '0e1d2f04353d4c03775d4e56810cce69', '6651ede306da49fad4750b99ec47b5b6', '{"userAgent": "Mozilla/5.0 (Windows NT 10.0; Win64; x64) AppleWebKit/537.36 (KHTML, like Gecko) Chrome/140.0.0.0 Safari/537.36", "platform": "Windows", "browser": "Chrome", "deviceType": "Desktop", "isMobile": false, "language": "es-ES", "screenResolution": "1536x864", "timezone": "America/Lima", "timestamp": "2025-09-23T17:53:39.721Z", "cookieEnabled": true, "onlineStatus": true, "deviceMemory": 8, "connectionType": "4g"}', '172.26.0.1', 'Mozilla/5.0 (Windows NT 10.0; Win64; x64) AppleWebKit/537.36 (KHTML, like Gecko) Chrome/140.0.0.0 Safari/537.36', '2025-09-23 17:53:42', '2025-09-23 18:01:52', '2025-09-23 18:23:42', 'expired', '2025-09-24 03:00:36', 'cleanup_job'),
	(66, 1, '1056ac2569b0b1991ddadac8c881f1a4', 'a34d112e663de55577ca207a8a7a304f', '8dab2a1f27ecd3de089cb86bf1ba13c2', '{"userAgent": "Mozilla/5.0 (Windows NT 10.0; Win64; x64) AppleWebKit/537.36 (KHTML, like Gecko) Chrome/140.0.0.0 Safari/537.36", "platform": "Windows", "browser": "Chrome", "deviceType": "Desktop", "isMobile": false, "language": "es-ES", "screenResolution": "1536x864", "timezone": "America/Lima", "timestamp": "2025-09-23T20:16:56.383Z", "cookieEnabled": true, "onlineStatus": true, "deviceMemory": 8, "connectionType": "4g"}', '172.26.0.1', 'Mozilla/5.0 (Windows NT 10.0; Win64; x64) AppleWebKit/537.36 (KHTML, like Gecko) Chrome/140.0.0.0 Safari/537.36', '2025-09-23 20:16:56', '2025-09-23 20:26:46', '2025-09-23 20:46:56', 'expired', '2025-09-24 03:00:36', 'cleanup_job'),
	(67, 1, '4f0cb493bbe0ac6ef0378013ff6c1381', '9d759ea82ccf32566b22e366a9f50338', '2bc3ba85e5f030c04d7759d61c4bb854', '{"userAgent": "Mozilla/5.0 (Windows NT 10.0; Win64; x64) AppleWebKit/537.36 (KHTML, like Gecko) Chrome/140.0.0.0 Safari/537.36", "platform": "Windows", "browser": "Chrome", "deviceType": "Desktop", "isMobile": false, "language": "es-ES", "screenResolution": "2560x1440", "timezone": "America/Lima", "timestamp": "2025-09-24T03:22:59.339Z", "cookieEnabled": true, "onlineStatus": true, "deviceMemory": 8, "connectionType": "4g"}', '172.26.0.1', 'Mozilla/5.0 (Windows NT 10.0; Win64; x64) AppleWebKit/537.36 (KHTML, like Gecko) Chrome/140.0.0.0 Safari/537.36', '2025-09-24 03:22:59', '2025-09-24 03:43:07', '2025-09-24 03:52:59', 'expired', '2025-09-24 16:18:55', 'cleanup_job'),
	(68, 1, 'ba2250ac0112af7adeaae1d140d469d9', '2019942b12e3ddd5658bb20d67770e86', '17e42573863a32635daa6c3f0c89b122', '{"userAgent": "Mozilla/5.0 (Windows NT 10.0; Win64; x64) AppleWebKit/537.36 (KHTML, like Gecko) Chrome/140.0.0.0 Safari/537.36", "platform": "Windows", "browser": "Chrome", "deviceType": "Desktop", "isMobile": false, "language": "es-ES", "screenResolution": "2560x1440", "timezone": "America/Lima", "timestamp": "2025-09-24T05:24:52.388Z", "cookieEnabled": true, "onlineStatus": true, "deviceMemory": 8, "connectionType": "4g"}', '172.26.0.1', 'Mozilla/5.0 (Windows NT 10.0; Win64; x64) AppleWebKit/537.36 (KHTML, like Gecko) Chrome/140.0.0.0 Safari/537.36', '2025-09-24 05:24:52', '2025-09-24 05:25:15', '2025-09-24 05:54:52', 'expired', '2025-09-24 16:18:55', 'cleanup_job'),
	(69, 1, 'a09589cff6a5b51c0b85f98821c9aa85', '62a25562e4551a9f222ad501af98980c', 'b3f27f3db63c84fd4d12719293b0741c', '{"userAgent": "Mozilla/5.0 (Windows NT 10.0; Win64; x64) AppleWebKit/537.36 (KHTML, like Gecko) Chrome/140.0.0.0 Safari/537.36", "platform": "Windows", "browser": "Chrome", "deviceType": "Desktop", "isMobile": false, "language": "es-ES", "screenResolution": "1536x864", "timezone": "America/Lima", "timestamp": "2025-09-24T17:32:20.096Z", "cookieEnabled": true, "onlineStatus": true, "deviceMemory": 8, "connectionType": "4g"}', '172.26.0.1', 'Mozilla/5.0 (Windows NT 10.0; Win64; x64) AppleWebKit/537.36 (KHTML, like Gecko) Chrome/140.0.0.0 Safari/537.36', '2025-09-24 17:32:20', '2025-09-24 17:45:54', '2025-09-24 18:02:20', 'revoked', '2025-09-24 19:29:11', 'inactivity_detected'),
	(70, 1, 'fee3c2187b30087cd0ba2601092440ca', '072b37e9e2f8fbb73c9855d4ffbd3cc6', 'e36dc2cf683fd9430d08c8bdeb014bb5', '{"userAgent": "Mozilla/5.0 (Windows NT 10.0; Win64; x64) AppleWebKit/537.36 (KHTML, like Gecko) Chrome/140.0.0.0 Safari/537.36", "platform": "Windows", "browser": "Chrome", "deviceType": "Desktop", "isMobile": false, "language": "es-ES", "screenResolution": "1536x864", "timezone": "America/Lima", "timestamp": "2025-09-24T19:29:21.494Z", "cookieEnabled": true, "onlineStatus": true, "deviceMemory": 8, "connectionType": "4g"}', '172.26.0.1', 'Mozilla/5.0 (Windows NT 10.0; Win64; x64) AppleWebKit/537.36 (KHTML, like Gecko) Chrome/140.0.0.0 Safari/537.36', '2025-09-24 19:29:22', '2025-09-24 20:51:32', '2025-09-24 20:57:30', 'revoked', '2025-09-24 21:57:22', 'inactivity_detected'),
	(71, 1, '360cd1dab5d95c935223a508bbf90805', '308c4961dfe0eb04e3015342d6e0c9f1', 'f57e25c5fd07aa1ef2af4451d0b2d5f0', '{"userAgent": "Mozilla/5.0 (Windows NT 10.0; Win64; x64) AppleWebKit/537.36 (KHTML, like Gecko) Chrome/140.0.0.0 Safari/537.36", "platform": "Windows", "browser": "Chrome", "deviceType": "Desktop", "isMobile": false, "language": "es-ES", "screenResolution": "1536x864", "timezone": "America/Lima", "timestamp": "2025-09-24T21:57:31.936Z", "cookieEnabled": true, "onlineStatus": true, "deviceMemory": 8, "connectionType": "4g"}', '172.26.0.1', 'Mozilla/5.0 (Windows NT 10.0; Win64; x64) AppleWebKit/537.36 (KHTML, like Gecko) Chrome/140.0.0.0 Safari/537.36', '2025-09-24 21:57:33', '2025-09-24 21:57:33', '2025-09-24 22:27:33', 'expired', '2025-09-25 04:06:16', 'cleanup_job'),
	(72, 1, 'f84fa2770cb6c45fb4959c7e156c3bab', '73fb13e4225a004fb2693d84bbe08818', 'a6614783ae5dde089f8d5e0309180ce2', '{"userAgent": "Mozilla/5.0 (Windows NT 10.0; Win64; x64) AppleWebKit/537.36 (KHTML, like Gecko) Chrome/140.0.0.0 Safari/537.36", "platform": "Windows", "browser": "Chrome", "deviceType": "Desktop", "isMobile": false, "language": "es-ES", "screenResolution": "1536x864", "timezone": "America/Lima", "timestamp": "2025-09-25T17:14:54.432Z", "cookieEnabled": true, "onlineStatus": true, "deviceMemory": 8, "connectionType": "4g"}', '172.26.0.1', 'Mozilla/5.0 (Windows NT 10.0; Win64; x64) AppleWebKit/537.36 (KHTML, like Gecko) Chrome/140.0.0.0 Safari/537.36', '2025-09-25 17:14:57', '2025-09-25 17:14:57', '2025-09-25 17:44:57', 'revoked', '2025-09-25 20:45:17', 'inactivity_detected'),
	(73, 1, '51384de40bf8283e0ed76d7e41bfed9d', '97d1d2a2949ebcab0210c6532d762995', '382fb78e0b92f62f70f5f68a25b96115', '{"userAgent": "Mozilla/5.0 (Windows NT 10.0; Win64; x64) AppleWebKit/537.36 (KHTML, like Gecko) Chrome/140.0.0.0 Safari/537.36", "platform": "Windows", "browser": "Chrome", "deviceType": "Desktop", "isMobile": false, "language": "es-ES", "screenResolution": "1536x864", "timezone": "America/Lima", "timestamp": "2025-09-25T20:45:24.083Z", "cookieEnabled": true, "onlineStatus": true, "deviceMemory": 8, "connectionType": "4g"}', '172.26.0.1', 'Mozilla/5.0 (Windows NT 10.0; Win64; x64) AppleWebKit/537.36 (KHTML, like Gecko) Chrome/140.0.0.0 Safari/537.36', '2025-09-25 20:45:25', '2025-09-25 21:13:36', '2025-09-25 21:15:25', 'revoked', '2025-09-25 23:37:57', 'inactivity_detected'),
	(74, 1, 'cca7a42b5c4b53a6812d692a6ff8567b', '7cb71bfca4939db6b9be1e742bb76e19', '0adc574ac640b892a35c30ffad536c8c', '{"userAgent": "Mozilla/5.0 (Windows NT 10.0; Win64; x64) AppleWebKit/537.36 (KHTML, like Gecko) Chrome/140.0.0.0 Safari/537.36", "platform": "Windows", "browser": "Chrome", "deviceType": "Desktop", "isMobile": false, "language": "es-ES", "screenResolution": "2560x1440", "timezone": "America/Lima", "timestamp": "2025-09-25T23:38:03.283Z", "cookieEnabled": true, "onlineStatus": true, "deviceMemory": 8, "connectionType": "4g"}', '172.26.0.1', 'Mozilla/5.0 (Windows NT 10.0; Win64; x64) AppleWebKit/537.36 (KHTML, like Gecko) Chrome/140.0.0.0 Safari/537.36', '2025-09-25 23:38:07', '2025-09-25 23:38:07', '2025-09-26 00:08:07', 'revoked', '2025-09-26 02:59:17', 'inactivity_detected'),
	(75, 1, '1e286106badf05c407f268f682a15fc4', 'dbbbd5a6b499aefc9fe7f526c6bf9ed0', '83658ca9e0d4deba8205f12301aae1d7', '{"userAgent": "Mozilla/5.0 (Windows NT 10.0; Win64; x64) AppleWebKit/537.36 (KHTML, like Gecko) Chrome/140.0.0.0 Safari/537.36", "platform": "Windows", "browser": "Chrome", "deviceType": "Desktop", "isMobile": false, "language": "es-ES", "screenResolution": "2560x1440", "timezone": "America/Lima", "timestamp": "2025-09-26T02:59:25.696Z", "cookieEnabled": true, "onlineStatus": true, "deviceMemory": 8, "connectionType": "4g"}', '172.26.0.1', 'Mozilla/5.0 (Windows NT 10.0; Win64; x64) AppleWebKit/537.36 (KHTML, like Gecko) Chrome/140.0.0.0 Safari/537.36', '2025-09-26 02:59:27', '2025-09-26 03:16:54', '2025-09-26 03:29:27', 'revoked', '2025-09-26 04:57:21', 'inactivity_detected'),
	(76, 1, '7b5781493b409560dc30c29e1dd59807', '7f1bd95bb70cbc94943320e80ee7a3bd', '6afc1bee6569c4f54ff6c312f8f6f4e8', '{"userAgent": "Mozilla/5.0 (Windows NT 10.0; Win64; x64) AppleWebKit/537.36 (KHTML, like Gecko) Chrome/140.0.0.0 Safari/537.36", "platform": "Windows", "browser": "Chrome", "deviceType": "Desktop", "isMobile": false, "language": "es-ES", "screenResolution": "2560x1440", "timezone": "America/Lima", "timestamp": "2025-09-26T04:57:31.203Z", "cookieEnabled": true, "onlineStatus": true, "deviceMemory": 8, "connectionType": "4g"}', '172.26.0.1', 'Mozilla/5.0 (Windows NT 10.0; Win64; x64) AppleWebKit/537.36 (KHTML, like Gecko) Chrome/140.0.0.0 Safari/537.36', '2025-09-26 04:57:31', '2025-09-26 04:57:39', '2025-09-26 05:27:31', 'revoked', '2025-09-26 04:57:39', 'user_logout'),
	(77, 1, '12283517c05915043249f7ebe4362865', '2659a84f2ec7a5c0931a7ac92d0747be', 'c3c657ff2206ec2f3e2772ceaa1366a6', '{"userAgent": "Mozilla/5.0 (Windows NT 10.0; Win64; x64) AppleWebKit/537.36 (KHTML, like Gecko) Chrome/140.0.0.0 Safari/537.36", "platform": "Windows", "browser": "Chrome", "deviceType": "Desktop", "isMobile": false, "language": "es-ES", "screenResolution": "1536x864", "timezone": "America/Lima", "timestamp": "2025-09-26T15:50:26.174Z", "cookieEnabled": true, "onlineStatus": true, "deviceMemory": 8, "connectionType": "4g"}', '172.26.0.1', 'Mozilla/5.0 (Windows NT 10.0; Win64; x64) AppleWebKit/537.36 (KHTML, like Gecko) Chrome/140.0.0.0 Safari/537.36', '2025-09-26 15:50:28', '2025-09-26 17:54:33', '2025-09-26 18:16:13', 'revoked', '2025-09-26 19:37:05', 'inactivity_detected'),
	(78, 1, 'dd540ad17988e33cfdbf676e67849698', '45256648bc6213095334e8181020643f', 'c57b3db1aaf7daef541de9e6fe8df200', '{"userAgent": "Mozilla/5.0 (Windows NT 10.0; Win64; x64) AppleWebKit/537.36 (KHTML, like Gecko) Chrome/140.0.0.0 Safari/537.36", "platform": "Windows", "browser": "Chrome", "deviceType": "Desktop", "isMobile": false, "language": "es-ES", "screenResolution": "1536x864", "timezone": "America/Lima", "timestamp": "2025-09-26T19:37:11.416Z", "cookieEnabled": true, "onlineStatus": true, "deviceMemory": 8, "connectionType": "4g"}', '172.26.0.1', 'Mozilla/5.0 (Windows NT 10.0; Win64; x64) AppleWebKit/537.36 (KHTML, like Gecko) Chrome/140.0.0.0 Safari/537.36', '2025-09-26 19:37:11', '2025-09-26 20:53:48', '2025-09-26 21:17:51', 'revoked', '2025-09-27 02:45:47', 'inactivity_detected'),
	(79, 1, '85b2fa8356522f8a1a33ffce58c99d1d', '52b196a1082cd01da939e0be2074f3cc', 'bcf2d62b784ac0a4f0bc5646b345a6db', '{"userAgent": "Mozilla/5.0 (Windows NT 10.0; Win64; x64) AppleWebKit/537.36 (KHTML, like Gecko) Chrome/140.0.0.0 Safari/537.36", "platform": "Windows", "browser": "Chrome", "deviceType": "Desktop", "isMobile": false, "language": "es-ES", "screenResolution": "2560x1440", "timezone": "America/Lima", "timestamp": "2025-09-27T02:45:57.561Z", "cookieEnabled": true, "onlineStatus": true, "deviceMemory": 8, "connectionType": "4g"}', '172.26.0.1', 'Mozilla/5.0 (Windows NT 10.0; Win64; x64) AppleWebKit/537.36 (KHTML, like Gecko) Chrome/140.0.0.0 Safari/537.36', '2025-09-27 02:46:01', '2025-09-27 03:21:57', '2025-09-27 03:47:36', 'revoked', '2025-09-27 03:21:57', 'user_logout'),
	(80, 1, 'e476a9ee901e107452d85f174e3ab37c', '392e52cb98a432eaecf1232d9c26c2fe', 'd3328c0e7db5c73de42926a4db99b6b4', '{"userAgent": "Mozilla/5.0 (Windows NT 10.0; Win64; x64) AppleWebKit/537.36 (KHTML, like Gecko) Chrome/140.0.0.0 Safari/537.36", "platform": "Windows", "browser": "Chrome", "deviceType": "Desktop", "isMobile": false, "language": "es-ES", "screenResolution": "2560x1440", "timezone": "America/Lima", "timestamp": "2025-09-27T17:24:04.238Z", "cookieEnabled": true, "onlineStatus": true, "deviceMemory": 8, "connectionType": "4g"}', '172.26.0.1', 'Mozilla/5.0 (Windows NT 10.0; Win64; x64) AppleWebKit/537.36 (KHTML, like Gecko) Chrome/140.0.0.0 Safari/537.36', '2025-09-27 17:24:07', '2025-09-27 17:46:18', '2025-09-27 17:54:07', 'expired', '2025-09-28 03:28:07', 'cleanup_job'),
	(81, 1, '06baf02024bfd1d96966033327cb7f90', '7ef00097b1dd6f8e4192bc68d0bf9945', '641f590ec870867da3d1cc30626b835e', '{"userAgent": "Mozilla/5.0 (Windows NT 10.0; Win64; x64) AppleWebKit/537.36 (KHTML, like Gecko) Chrome/140.0.0.0 Safari/537.36", "platform": "Windows", "browser": "Chrome", "deviceType": "Desktop", "isMobile": false, "language": "es-ES", "screenResolution": "2560x1440", "timezone": "America/Lima", "timestamp": "2025-09-28T03:55:27.144Z", "cookieEnabled": true, "onlineStatus": true, "deviceMemory": 8, "connectionType": "4g"}', '172.26.0.1', 'Mozilla/5.0 (Windows NT 10.0; Win64; x64) AppleWebKit/537.36 (KHTML, like Gecko) Chrome/140.0.0.0 Safari/537.36', '2025-09-28 03:55:30', '2025-09-28 04:49:51', '2025-09-28 05:00:49', 'revoked', '2025-09-28 04:49:51', 'user_logout'),
	(82, 1, '93d617fd9f8fc5a425818e2b29fec970', '712f8c9ca6a5b9f5399a50195ea931f9', 'd85813b5d71b7f0eb87ab575c471d8a6', '{"userAgent": "Mozilla/5.0 (Windows NT 10.0; Win64; x64) AppleWebKit/537.36 (KHTML, like Gecko) Chrome/140.0.0.0 Safari/537.36", "platform": "Windows", "browser": "Chrome", "deviceType": "Desktop", "isMobile": false, "language": "es-ES", "screenResolution": "2560x1440", "timezone": "America/Lima", "timestamp": "2025-09-28T04:51:11.944Z", "cookieEnabled": true, "onlineStatus": true, "deviceMemory": 8, "connectionType": "4g"}', '172.26.0.1', 'Mozilla/5.0 (Windows NT 10.0; Win64; x64) AppleWebKit/537.36 (KHTML, like Gecko) Chrome/140.0.0.0 Safari/537.36', '2025-09-28 04:51:12', '2025-09-28 05:06:57', '2025-09-28 05:21:12', 'revoked', '2025-09-28 05:06:57', 'user_logout'),
	(83, 1, 'd365f4cb6341b5cef58ddc173c7837a7', 'f9757b54a938883ee77bd6b7635a7d8f', 'fe4da710d21569d662b77e98e3f25aa6', '{"userAgent": "Mozilla/5.0 (Windows NT 10.0; Win64; x64) AppleWebKit/537.36 (KHTML, like Gecko) Chrome/140.0.0.0 Safari/537.36", "platform": "Windows", "browser": "Chrome", "deviceType": "Desktop", "isMobile": false, "language": "es-ES", "screenResolution": "2560x1440", "timezone": "America/Lima", "timestamp": "2025-09-28T05:07:04.549Z", "cookieEnabled": true, "onlineStatus": true, "deviceMemory": 8, "connectionType": "4g"}', '172.26.0.1', 'Mozilla/5.0 (Windows NT 10.0; Win64; x64) AppleWebKit/537.36 (KHTML, like Gecko) Chrome/140.0.0.0 Safari/537.36', '2025-09-28 05:07:07', '2025-09-28 05:11:44', '2025-09-28 05:37:07', 'revoked', '2025-09-28 05:11:44', 'user_logout'),
	(84, 1, 'b124ed3f77f8ecbe7aaba9e773f1b591', 'dd7c1e49bf842fd4625bfc5e93d67d25', '3f3b3feb801887455be59d402a24e0bb', '{"userAgent": "Mozilla/5.0 (Windows NT 10.0; Win64; x64) AppleWebKit/537.36 (KHTML, like Gecko) Chrome/140.0.0.0 Safari/537.36", "platform": "Windows", "browser": "Chrome", "deviceType": "Desktop", "isMobile": false, "language": "es-ES", "screenResolution": "2560x1440", "timezone": "America/Lima", "timestamp": "2025-09-28T19:10:49.312Z", "cookieEnabled": true, "onlineStatus": true, "deviceMemory": 8, "connectionType": "4g"}', '172.26.0.1', 'Mozilla/5.0 (Windows NT 10.0; Win64; x64) AppleWebKit/537.36 (KHTML, like Gecko) Chrome/140.0.0.0 Safari/537.36', '2025-09-28 19:10:50', '2025-09-28 20:13:10', '2025-09-28 20:41:24', 'revoked', '2025-09-29 01:37:07', 'inactivity_detected'),
	(85, 1, '0f0f6542debbf98c6da4ff3a9b7f83f4', '82590b960c9cb3f22fff8715c4538583', '8b0e23e8a34c824df0827ab1859fa618', '{"userAgent": "Mozilla/5.0 (Windows NT 10.0; Win64; x64) AppleWebKit/537.36 (KHTML, like Gecko) Chrome/140.0.0.0 Safari/537.36", "platform": "Windows", "browser": "Chrome", "deviceType": "Desktop", "isMobile": false, "language": "es-ES", "screenResolution": "2560x1440", "timezone": "America/Lima", "timestamp": "2025-09-29T01:37:11.156Z", "cookieEnabled": true, "onlineStatus": true, "deviceMemory": 8, "connectionType": "4g"}', '172.26.0.1', 'Mozilla/5.0 (Windows NT 10.0; Win64; x64) AppleWebKit/537.36 (KHTML, like Gecko) Chrome/140.0.0.0 Safari/537.36', '2025-09-29 01:37:12', '2025-09-29 04:07:49', '2025-09-29 04:28:20', 'active', NULL, NULL);

-- Volcando estructura para tabla nebula.usuario_consultorios
CREATE TABLE IF NOT EXISTS `usuario_consultorios` (
  `id` bigint(20) NOT NULL AUTO_INCREMENT,
  `usuario_id` bigint(20) NOT NULL,
  `consultorio_id` bigint(20) NOT NULL,
  `rol_id` bigint(20) NOT NULL,
  `es_principal` tinyint(1) DEFAULT 0,
  `estado` enum('activo','inactivo','suspendido') DEFAULT 'activo',
  `fecha_asignacion` timestamp NOT NULL DEFAULT current_timestamp(),
  `fecha_inicio` date DEFAULT NULL,
  `fecha_fin` date DEFAULT NULL,
  `created_at` timestamp NOT NULL DEFAULT current_timestamp(),
  `updated_at` timestamp NOT NULL DEFAULT current_timestamp() ON UPDATE current_timestamp(),
  PRIMARY KEY (`id`),
  UNIQUE KEY `unique_usuario_consultorio` (`usuario_id`,`consultorio_id`)
) ENGINE=InnoDB AUTO_INCREMENT=3 DEFAULT CHARSET=utf8mb3 COLLATE=utf8mb3_general_ci;

-- Volcando datos para la tabla nebula.usuario_consultorios: ~1 rows (aproximadamente)
INSERT INTO `usuario_consultorios` (`id`, `usuario_id`, `consultorio_id`, `rol_id`, `es_principal`, `estado`, `fecha_asignacion`, `fecha_inicio`, `fecha_fin`, `created_at`, `updated_at`) VALUES
	(1, 2, 3, 3, 1, 'activo', '2025-09-03 17:52:18', NULL, NULL, '2025-09-03 17:52:18', '2025-09-03 17:52:32'),
	(2, 2, 4, 4, 0, 'activo', '2025-09-03 21:31:10', NULL, NULL, '2025-09-03 21:31:10', '2025-09-03 21:31:10');

/*!40103 SET TIME_ZONE=IFNULL(@OLD_TIME_ZONE, 'system') */;
/*!40101 SET SQL_MODE=IFNULL(@OLD_SQL_MODE, '') */;
/*!40014 SET FOREIGN_KEY_CHECKS=IFNULL(@OLD_FOREIGN_KEY_CHECKS, 1) */;
/*!40101 SET CHARACTER_SET_CLIENT=@OLD_CHARACTER_SET_CLIENT */;
/*!40111 SET SQL_NOTES=IFNULL(@OLD_SQL_NOTES, 1) */;
